Date,Sell Price,Mayor_Aatrox,Mayor_Cole,Mayor_Diana,Mayor_Diaz,Mayor_Jerry,Mayor_Marina,Mayor_Paul,Price_Change_Percent
2025-09-10 00:00:00,613.9,1,0,0,0,0,0,0,0.0
2025-09-10 01:00:00,614.0,1,0,0,0,0,0,0,0.02
2025-09-10 02:00:00,613.2,1,0,0,0,0,0,0,-0.13
2025-09-10 03:00:00,613.6,1,0,0,0,0,0,0,0.07
2025-09-10 04:00:00,612.9,1,0,0,0,0,0,0,-0.11
2025-09-10 05:00:00,613.0,1,0,0,0,0,0,0,0.02
2025-09-10 06:00:00,612.8,1,0,0,0,0,0,0,-0.03
2025-09-10 07:00:00,613.0,1,0,0,0,0,0,0,0.03
2025-09-10 08:00:00,613.0,1,0,0,0,0,0,0,0.0
2025-09-10 09:00:00,612.8,1,0,0,0,0,0,0,-0.03
2025-09-10 10:00:00,612.7,1,0,0,0,0,0,0,-0.02
2025-09-10 11:00:00,612.7,1,0,0,0,0,0,0,0.0
2025-09-10 12:00:00,612.2,1,0,0,0,0,0,0,-0.08
2025-09-10 13:00:00,612.8,1,0,0,0,0,0,0,0.1
2025-09-10 14:00:00,612.2,1,0,0,0,0,0,0,-0.1
2025-09-10 15:00:00,612.7,1,0,0,0,0,0,0,0.08
2025-09-10 16:00:00,613.0,1,0,0,0,0,0,0,0.05
2025-09-10 17:00:00,612.5,1,0,0,0,0,0,0,-0.08
2025-09-10 18:00:00,615.2,1,0,0,0,0,0,0,0.44
2025-09-10 19:00:00,615.6,1,0,0,0,0,0,0,0.07
2025-09-10 20:00:00,615.4,1,0,0,0,0,0,0,-0.03
2025-09-10 21:00:00,615.1,1,0,0,0,0,0,0,-0.05
2025-09-10 22:00:00,613.0,1,0,0,0,0,0,0,-0.34
2025-09-10 23:00:00,613.2,1,0,0,0,0,0,0,0.03
2025-09-11 00:00:00,612.6,1,0,0,0,0,0,0,-0.1
2025-09-11 01:00:00,612.6,1,0,0,0,0,0,0,0.0
2025-09-11 02:00:00,613.0,1,0,0,0,0,0,0,0.07
2025-09-11 03:00:00,613.0,1,0,0,0,0,0,0,0.0
2025-09-11 04:00:00,613.1,1,0,0,0,0,0,0,0.02
2025-09-11 05:00:00,613.6,1,0,0,0,0,0,0,0.08
2025-09-11 06:00:00,613.6,1,0,0,0,0,0,0,0.0
2025-09-11 07:00:00,615.1,1,0,0,0,0,0,0,0.24
2025-09-11 08:00:00,615.2,1,0,0,0,0,0,0,0.02
2025-09-11 09:00:00,615.8,1,0,0,0,0,0,0,0.1
2025-09-11 10:00:00,615.5,1,0,0,0,0,0,0,-0.05
2025-09-11 11:00:00,615.5,1,0,0,0,0,0,0,0.0
2025-09-11 12:00:00,615.8,1,0,0,0,0,0,0,0.05
2025-09-11 13:00:00,615.7,1,0,0,0,0,0,0,-0.02
2025-09-11 14:00:00,617.2,1,0,0,0,0,0,0,0.24
2025-09-11 15:00:00,617.5,1,0,0,0,0,0,0,0.05
2025-09-11 16:00:00,617.9,1,0,0,0,0,0,0,0.06
2025-09-11 17:00:00,615.3,1,0,0,0,0,0,0,-0.42
2025-09-11 18:00:00,615.6,1,0,0,0,0,0,0,0.05
2025-09-11 19:00:00,616.4,1,0,0,0,0,0,0,0.13
2025-09-11 20:00:00,581.1,1,0,0,0,0,0,0,-5.73
2025-09-11 21:00:00,582.5,1,0,0,0,0,0,0,0.24
2025-09-11 22:00:00,583.3,1,0,0,0,0,0,0,0.14
2025-09-11 23:00:00,584.3,1,0,0,0,0,0,0,0.17
2025-09-12 00:00:00,584.3,1,0,0,0,0,0,0,0.0
2025-09-12 01:00:00,589.3,1,0,0,0,0,0,0,0.86
2025-09-12 02:00:00,589.9,1,0,0,0,0,0,0,0.1
2025-09-12 03:00:00,589.9,1,0,0,0,0,0,0,0.0
2025-09-12 04:00:00,590.3,1,0,0,0,0,0,0,0.07
2025-09-12 05:00:00,590.3,1,0,0,0,0,0,0,0.0
2025-09-12 06:00:00,591.5,1,0,0,0,0,0,0,0.2
2025-09-12 07:00:00,592.5,1,0,0,0,0,0,0,0.17
2025-09-12 08:00:00,592.9,1,0,0,0,0,0,0,0.07
2025-09-12 09:00:00,602.5,1,0,0,0,0,0,0,1.62
2025-09-12 10:00:00,603.2,1,0,0,0,0,0,0,0.12
2025-09-12 11:00:00,603.9,1,0,0,0,0,0,0,0.12
2025-09-12 12:00:00,603.8,1,0,0,0,0,0,0,-0.02
2025-09-12 13:00:00,606.0,1,0,0,0,0,0,0,0.36
2025-09-12 14:00:00,602.4,1,0,0,0,0,0,0,-0.59
2025-09-12 15:00:00,602.8,1,0,0,0,0,0,0,0.07
2025-09-12 16:00:00,602.8,0,0,0,1,0,0,0,0.0
2025-09-12 17:00:00,604.2,0,0,0,1,0,0,0,0.23
2025-09-12 18:00:00,603.4,0,0,0,1,0,0,0,-0.13
2025-09-12 19:00:00,603.1,0,0,0,1,0,0,0,-0.05
2025-09-12 20:00:00,603.8,0,0,0,1,0,0,0,0.12
2025-09-12 21:00:00,603.7,0,0,0,1,0,0,0,-0.02
2025-09-12 22:00:00,603.3,0,0,0,1,0,0,0,-0.07
2025-09-12 23:00:00,592.6,0,0,0,1,0,0,0,-1.77
2025-09-13 00:00:00,599.0,0,0,0,1,0,0,0,1.08
2025-09-13 01:00:00,597.1,0,0,0,1,0,0,0,-0.32
2025-09-13 02:00:00,594.6,0,0,0,1,0,0,0,-0.42
2025-09-13 03:00:00,583.3,0,0,0,1,0,0,0,-1.9
2025-09-13 04:00:00,582.9,0,0,0,1,0,0,0,-0.07
2025-09-13 05:00:00,582.9,0,0,0,1,0,0,0,0.0
2025-09-13 06:00:00,584.2,0,0,0,1,0,0,0,0.22
2025-09-13 07:00:00,584.6,0,0,0,1,0,0,0,0.07
2025-09-13 08:00:00,587.5,0,0,0,1,0,0,0,0.5
2025-09-13 09:00:00,588.3,0,0,0,1,0,0,0,0.14
2025-09-13 10:00:00,589.3,0,0,0,1,0,0,0,0.17
2025-09-13 11:00:00,589.6,0,0,0,1,0,0,0,0.05
2025-09-13 12:00:00,589.4,0,0,0,1,0,0,0,-0.03
2025-09-13 13:00:00,589.3,0,0,0,1,0,0,0,-0.02
2025-09-13 14:00:00,590.8,0,0,0,1,0,0,0,0.25
2025-09-13 15:00:00,594.1,0,0,0,1,0,0,0,0.56
2025-09-13 16:00:00,590.9,0,0,0,1,0,0,0,-0.54
2025-09-13 17:00:00,588.4,0,0,0,1,0,0,0,-0.42
2025-09-13 18:00:00,588.5,0,0,0,1,0,0,0,0.02
2025-09-13 19:00:00,589.1,0,0,0,1,0,0,0,0.1
2025-09-13 20:00:00,603.0,0,0,0,1,0,0,0,2.36
2025-09-13 21:00:00,607.5,0,0,0,1,0,0,0,0.75
2025-09-13 22:00:00,616.0,0,0,0,1,0,0,0,1.4
2025-09-13 23:00:00,619.3,0,0,0,1,0,0,0,0.54
2025-09-14 00:00:00,629.5,0,0,0,1,0,0,0,1.65
2025-09-14 01:00:00,634.2,0,0,0,1,0,0,0,0.75
2025-09-14 02:00:00,637.4,0,0,0,1,0,0,0,0.5
2025-09-14 03:00:00,640.2,0,0,0,1,0,0,0,0.44
2025-09-14 04:00:00,641.7,0,0,0,1,0,0,0,0.23
2025-09-14 05:00:00,642.0,0,0,0,1,0,0,0,0.05
2025-09-14 06:00:00,641.9,0,0,0,1,0,0,0,-0.02
2025-09-14 07:00:00,642.7,0,0,0,1,0,0,0,0.12
2025-09-14 08:00:00,642.7,0,0,0,1,0,0,0,0.0
2025-09-14 09:00:00,648.6,0,0,0,1,0,0,0,0.92
2025-09-14 10:00:00,648.8,0,0,0,1,0,0,0,0.03
2025-09-14 11:00:00,657.6,0,0,0,1,0,0,0,1.36
2025-09-14 12:00:00,659.3,0,0,0,1,0,0,0,0.26
2025-09-14 13:00:00,665.5,0,0,0,1,0,0,0,0.94
2025-09-14 14:00:00,673.6,0,0,0,1,0,0,0,1.22
2025-09-14 15:00:00,674.8,0,0,0,1,0,0,0,0.18
2025-09-14 16:00:00,675.2,0,0,0,1,0,0,0,0.06
2025-09-14 17:00:00,676.9,0,0,0,1,0,0,0,0.25
2025-09-14 18:00:00,677.9,0,0,0,1,0,0,0,0.15
2025-09-14 19:00:00,678.3,0,0,0,1,0,0,0,0.06
2025-09-14 20:00:00,679.0,0,0,0,1,0,0,0,0.1
2025-09-14 21:00:00,678.5,0,0,0,1,0,0,0,-0.07
2025-09-14 22:00:00,679.0,0,0,0,1,0,0,0,0.07
2025-09-14 23:00:00,679.4,0,0,0,1,0,0,0,0.06
2025-09-15 00:00:00,679.5,0,0,0,1,0,0,0,0.01
2025-09-15 01:00:00,680.2,0,0,0,1,0,0,0,0.1
2025-09-15 02:00:00,682.8,0,0,0,1,0,0,0,0.38
2025-09-15 03:00:00,682.5,0,0,0,1,0,0,0,-0.04
2025-09-15 04:00:00,678.1,0,0,0,1,0,0,0,-0.64
2025-09-15 05:00:00,683.6,0,0,0,1,0,0,0,0.81
2025-09-15 06:00:00,700.0,0,0,0,1,0,0,0,2.4
2025-09-15 07:00:00,716.9,0,0,0,1,0,0,0,2.41
2025-09-15 08:00:00,699.8,0,0,0,1,0,0,0,-2.39
2025-09-15 09:00:00,699.8,0,0,0,1,0,0,0,0.0
2025-09-15 10:00:00,700.1,0,0,0,1,0,0,0,0.04
2025-09-15 11:00:00,700.1,0,0,0,1,0,0,0,0.0
2025-09-15 12:00:00,696.4,0,0,0,1,0,0,0,-0.53
2025-09-15 13:00:00,696.7,0,0,0,1,0,0,0,0.04
2025-09-15 14:00:00,697.1,0,0,0,1,0,0,0,0.06
2025-09-15 15:00:00,697.0,0,0,0,1,0,0,0,-0.01
2025-09-15 16:00:00,699.9,0,0,0,1,0,0,0,0.42
2025-09-15 17:00:00,696.4,0,0,0,1,0,0,0,-0.5
2025-09-15 18:00:00,696.9,0,0,0,1,0,0,0,0.07
2025-09-15 19:00:00,700.0,0,0,0,1,0,0,0,0.44
2025-09-15 20:00:00,696.8,0,0,0,1,0,0,0,-0.46
2025-09-15 21:00:00,699.1,0,0,0,1,0,0,0,0.33
2025-09-15 22:00:00,679.1,0,0,0,1,0,0,0,-2.86
2025-09-15 23:00:00,679.2,0,0,0,1,0,0,0,0.01
2025-09-16 00:00:00,681.9,0,0,0,1,0,0,0,0.4
2025-09-16 01:00:00,678.3,0,0,0,1,0,0,0,-0.53
2025-09-16 02:00:00,678.9,0,0,0,1,0,0,0,0.09
2025-09-16 03:00:00,679.1,0,0,0,1,0,0,0,0.03
2025-09-16 04:00:00,678.8,0,0,0,1,0,0,0,-0.04
2025-09-16 05:00:00,677.9,0,0,0,1,0,0,0,-0.13
2025-09-16 06:00:00,669.4,0,0,0,1,0,0,0,-1.25
2025-09-16 08:00:00,617.6,0,0,0,1,0,0,0,-7.74
2025-09-16 09:00:00,618.4,0,0,0,1,0,0,0,0.13
2025-09-16 10:00:00,620.3,0,0,0,1,0,0,0,0.31
2025-09-16 11:00:00,622.0,0,0,0,1,0,0,0,0.27
2025-09-16 12:00:00,622.8,0,0,0,1,0,0,0,0.13
2025-09-16 13:00:00,623.5,0,0,0,1,0,0,0,0.11
2025-09-16 14:00:00,629.3,0,0,0,1,0,0,0,0.93
2025-09-16 15:00:00,634.6,0,0,0,1,0,0,0,0.84
2025-09-16 16:00:00,636.9,0,0,0,1,0,0,0,0.36
2025-09-16 17:00:00,651.4,0,0,0,1,0,0,0,2.28
2025-09-16 18:00:00,635.6,0,0,0,1,0,0,0,-2.43
2025-09-16 19:00:00,635.9,0,0,0,1,0,0,0,0.05
2025-09-16 20:00:00,636.8,0,0,0,1,0,0,0,0.14
2025-09-16 21:00:00,637.0,0,0,0,1,0,0,0,0.03
2025-09-16 22:00:00,635.9,0,0,0,1,0,0,0,-0.17
2025-09-16 23:00:00,636.2,0,0,0,1,0,0,0,0.05
2025-09-17 00:00:00,623.8,0,0,0,1,0,0,0,-1.95
2025-09-17 01:00:00,624.2,0,0,0,1,0,0,0,0.06
2025-09-17 02:00:00,623.6,0,0,0,1,0,0,0,-0.1
2025-09-17 03:00:00,622.2,0,0,0,1,0,0,0,-0.22
2025-09-17 04:00:00,626.2,0,0,0,1,0,0,0,0.64
2025-09-17 05:00:00,622.2,0,0,0,1,0,0,0,-0.64
2025-09-17 06:00:00,622.2,0,0,0,1,0,0,0,0.0
2025-09-17 07:00:00,625.7,0,0,0,1,0,0,0,0.56
2025-09-17 08:00:00,639.9,0,0,0,1,0,0,0,2.27
2025-09-17 09:00:00,633.6,0,0,0,1,0,0,0,-0.98
2025-09-17 10:00:00,633.9,0,0,0,1,0,0,0,0.05
2025-09-17 11:00:00,633.7,0,0,0,1,0,0,0,-0.03
2025-09-17 12:00:00,630.2,0,0,0,1,0,0,0,-0.55
2025-09-17 13:00:00,630.5,0,0,0,1,0,0,0,0.05
2025-09-17 14:00:00,630.1,0,0,0,1,0,0,0,-0.06
2025-09-17 15:00:00,630.7,0,0,0,1,0,0,0,0.1
2025-09-17 16:00:00,632.0,0,0,0,1,0,0,0,0.21
2025-09-17 17:00:00,633.0,0,0,0,1,0,0,0,0.16
2025-09-17 18:00:00,640.7,0,0,0,1,0,0,0,1.22
2025-09-17 19:00:00,641.3,0,0,0,1,0,0,0,0.09
2025-09-17 20:00:00,641.6,0,0,0,0,0,0,1,0.05
2025-09-17 21:00:00,642.4,0,0,0,0,0,0,1,0.12
2025-09-17 22:00:00,646.1,0,0,0,0,0,0,1,0.58
2025-09-17 23:00:00,646.6,0,0,0,0,0,0,1,0.08
2025-09-18 00:00:00,648.3,0,0,0,0,0,0,1,0.26
2025-09-18 01:00:00,650.8,0,0,0,0,0,0,1,0.39
2025-09-18 02:00:00,653.6,0,0,0,0,0,0,1,0.43
2025-09-18 03:00:00,654.5,0,0,0,0,0,0,1,0.14
2025-09-18 04:00:00,656.8,0,0,0,0,0,0,1,0.35
2025-09-18 05:00:00,657.5,0,0,0,0,0,0,1,0.11
2025-09-18 06:00:00,657.4,0,0,0,0,0,0,1,-0.02
2025-09-18 07:00:00,658.2,0,0,0,0,0,0,1,0.12
2025-09-18 08:00:00,663.3,0,0,0,0,0,0,1,0.77
2025-09-18 09:00:00,663.7,0,0,0,0,0,0,1,0.06
2025-09-18 10:00:00,664.0,0,0,0,0,0,0,1,0.05
2025-09-18 11:00:00,665.1,0,0,0,0,0,0,1,0.17
2025-09-18 12:00:00,666.5,0,0,0,0,0,0,1,0.21
2025-09-18 13:00:00,667.6,0,0,0,0,0,0,1,0.17
2025-09-18 14:00:00,668.3,0,0,0,0,0,0,1,0.1
2025-09-18 15:00:00,671.1,0,0,0,0,0,0,1,0.42
2025-09-18 16:00:00,674.5,0,0,0,0,0,0,1,0.51
2025-09-18 17:00:00,675.9,0,0,0,0,0,0,1,0.21
2025-09-18 18:00:00,676.4,0,0,0,0,0,0,1,0.07
2025-09-18 19:00:00,679.6,0,0,0,0,0,0,1,0.47
2025-09-18 20:00:00,686.0,0,0,0,0,0,0,1,0.94
2025-09-18 21:00:00,690.4,0,0,0,0,0,0,1,0.64
2025-09-18 22:00:00,691.1,0,0,0,0,0,0,1,0.1
2025-09-18 23:00:00,690.7,0,0,0,0,0,0,1,-0.06
2025-09-19 00:00:00,691.0,0,0,0,0,0,0,1,0.04
2025-09-19 01:00:00,689.5,0,0,0,0,0,0,1,-0.22
2025-09-19 02:00:00,689.7,0,0,0,0,0,0,1,0.03
2025-09-19 03:00:00,683.1,0,0,0,0,0,0,1,-0.96
2025-09-19 04:00:00,683.4,0,0,0,0,0,0,1,0.04
2025-09-19 05:00:00,683.5,0,0,0,0,0,0,1,0.01
2025-09-19 06:00:00,683.9,0,0,0,0,0,0,1,0.06
2025-09-19 07:00:00,683.9,0,0,0,0,0,0,1,0.0
2025-09-19 08:00:00,687.1,0,0,0,0,0,0,1,0.47
2025-09-19 09:00:00,687.4,0,0,0,0,0,0,1,0.04
2025-09-19 10:00:00,687.4,0,0,0,0,0,0,1,0.0
2025-09-19 11:00:00,687.3,0,0,0,0,0,0,1,-0.01
2025-09-19 12:00:00,688.4,0,0,0,0,0,0,1,0.16
2025-09-19 13:00:00,691.1,0,0,0,0,0,0,1,0.39
2025-09-19 14:00:00,691.0,0,0,0,0,0,0,1,-0.01
2025-09-19 15:00:00,670.6,0,0,0,0,0,0,1,-2.95
2025-09-19 16:00:00,657.3,0,0,0,0,0,0,1,-1.98
2025-09-19 17:00:00,658.7,0,0,0,0,0,0,1,0.21
2025-09-19 18:00:00,660.2,0,0,0,0,0,0,1,0.23
2025-09-19 19:00:00,663.8,0,0,0,0,0,0,1,0.55
2025-09-19 20:00:00,665.1,0,0,0,0,0,0,1,0.2
2025-09-19 21:00:00,666.5,0,0,0,0,0,0,1,0.21
2025-09-19 22:00:00,668.1,0,0,0,0,0,0,1,0.24
2025-09-19 23:00:00,668.2,0,0,0,0,0,0,1,0.01
2025-09-20 00:00:00,665.8,0,0,0,0,0,0,1,-0.36
2025-09-20 01:00:00,666.7,0,0,0,0,0,0,1,0.14
2025-09-20 02:00:00,667.4,0,0,0,0,0,0,1,0.1
2025-09-20 03:00:00,668.1,0,0,0,0,0,0,1,0.1
2025-09-20 04:00:00,665.7,0,0,0,0,0,0,1,-0.36
2025-09-20 05:00:00,666.0,0,0,0,0,0,0,1,0.05
2025-09-20 06:00:00,660.4,0,0,0,0,0,0,1,-0.84
2025-09-20 07:00:00,660.0,0,0,0,0,0,0,1,-0.06
2025-09-20 08:00:00,657.6,0,0,0,0,0,0,1,-0.36
2025-09-20 09:00:00,658.0,0,0,0,0,0,0,1,0.06
2025-09-20 10:00:00,658.5,0,0,0,0,0,0,1,0.08
2025-09-20 11:00:00,657.3,0,0,0,0,0,0,1,-0.18
2025-09-20 12:00:00,646.9,0,0,0,0,0,0,1,-1.58
2025-09-20 13:00:00,651.1,0,0,0,0,0,0,1,0.65
2025-09-20 14:00:00,649.7,0,0,0,0,0,0,1,-0.22
2025-09-20 15:00:00,650.8,0,0,0,0,0,0,1,0.17
2025-09-20 16:00:00,655.8,0,0,0,0,0,0,1,0.77
2025-09-20 17:00:00,657.5,0,0,0,0,0,0,1,0.26
2025-09-20 18:00:00,656.8,0,0,0,0,0,0,1,-0.11
2025-09-20 19:00:00,660.5,0,0,0,0,0,0,1,0.56
2025-09-20 20:00:00,655.5,0,0,0,0,0,0,1,-0.76
2025-09-20 21:00:00,662.6,0,0,0,0,0,0,1,1.08
2025-09-20 22:00:00,665.2,0,0,0,0,0,0,1,0.39
2025-09-20 23:00:00,655.2,0,0,0,0,0,0,1,-1.5
2025-09-21 00:00:00,646.4,0,0,0,0,0,0,1,-1.34
2025-09-21 01:00:00,646.9,0,0,0,0,0,0,1,0.08
2025-09-21 02:00:00,646.5,0,0,0,0,0,0,1,-0.06
2025-09-21 03:00:00,621.4,0,0,0,0,0,0,1,-3.88
2025-09-21 04:00:00,622.1,0,0,0,0,0,0,1,0.11
2025-09-21 05:00:00,624.8,0,0,0,0,0,0,1,0.43
2025-09-21 06:00:00,630.2,0,0,0,0,0,0,1,0.86
2025-09-21 07:00:00,630.8,0,0,0,0,0,0,1,0.1
2025-09-21 08:00:00,631.7,0,0,0,0,0,0,1,0.14
2025-09-21 09:00:00,632.9,0,0,0,0,0,0,1,0.19
2025-09-21 10:00:00,631.6,0,0,0,0,0,0,1,-0.21
2025-09-21 11:00:00,631.5,0,0,0,0,0,0,1,-0.02
2025-09-21 12:00:00,632.0,0,0,0,0,0,0,1,0.08
2025-09-21 13:00:00,643.8,0,0,0,0,0,0,1,1.87
2025-09-21 14:00:00,646.1,0,0,0,0,0,0,1,0.36
2025-09-21 15:00:00,648.1,0,0,0,0,0,0,1,0.31
2025-09-21 16:00:00,650.2,0,0,0,0,0,0,1,0.32
2025-09-21 17:00:00,656.0,0,0,0,0,0,0,1,0.89
2025-09-21 18:00:00,653.6,0,0,0,0,0,0,1,-0.37
2025-09-21 19:00:00,654.4,0,0,0,0,0,0,1,0.12
2025-09-21 20:00:00,653.6,0,0,0,0,0,0,1,-0.12
2025-09-21 21:00:00,658.5,0,0,0,0,0,0,1,0.75
2025-09-21 22:00:00,656.5,0,0,0,0,0,0,1,-0.3
2025-09-21 23:00:00,655.6,0,0,0,0,0,0,1,-0.14
2025-09-22 00:00:00,649.0,0,0,0,0,0,0,1,-1.01
2025-09-22 01:00:00,649.2,0,0,0,0,0,0,1,0.03
2025-09-22 02:00:00,632.9,0,0,0,0,0,0,1,-2.51
2025-09-22 03:00:00,633.5,0,0,0,0,0,0,1,0.09
2025-09-22 04:00:00,634.0,0,0,0,0,0,0,1,0.08
2025-09-22 05:00:00,633.7,0,0,0,0,0,0,1,-0.05
2025-09-22 06:00:00,633.9,0,0,0,0,0,0,1,0.03
2025-09-22 07:00:00,634.3,0,0,0,0,0,0,1,0.06
2025-09-22 08:00:00,634.4,0,0,0,0,0,0,1,0.02
2025-09-22 09:00:00,634.1,0,0,0,0,0,0,1,-0.05
2025-09-22 10:00:00,634.4,0,0,0,0,0,0,1,0.05
2025-09-22 11:00:00,634.2,0,0,0,0,0,0,1,-0.03
2025-09-22 12:00:00,634.1,0,0,0,0,0,0,1,-0.02
2025-09-22 13:00:00,634.3,0,0,0,0,0,0,1,0.03
2025-09-22 14:00:00,633.6,0,0,0,0,0,0,1,-0.11
2025-09-22 15:00:00,670.0,0,0,0,0,0,0,1,5.74
2025-09-22 16:00:00,636.2,0,0,0,0,0,0,1,-5.04
2025-09-22 17:00:00,635.9,0,0,0,0,0,0,1,-0.05
2025-09-22 18:00:00,637.1,0,0,0,0,0,0,1,0.19
2025-09-22 19:00:00,638.0,0,0,0,0,0,0,1,0.14
2025-09-22 20:00:00,639.0,0,0,0,0,0,0,1,0.16
2025-09-22 21:00:00,638.6,0,0,0,0,0,0,1,-0.06
2025-09-22 22:00:00,639.0,0,0,0,0,0,0,1,0.06
2025-09-22 23:00:00,638.5,0,0,0,0,0,0,1,-0.08
2025-09-23 00:00:00,637.1,0,1,0,0,0,0,0,-0.22
2025-09-23 01:00:00,635.7,0,1,0,0,0,0,0,-0.22
2025-09-23 02:00:00,635.6,0,1,0,0,0,0,0,-0.02
2025-09-23 03:00:00,631.6,0,1,0,0,0,0,0,-0.63
2025-09-23 04:00:00,631.7,0,1,0,0,0,0,0,0.02
2025-09-23 05:00:00,634.8,0,1,0,0,0,0,0,0.49
2025-09-23 06:00:00,647.5,0,1,0,0,0,0,0,2.0
2025-09-23 07:00:00,646.1,0,1,0,0,0,0,0,-0.22
2025-09-23 08:00:00,632.1,0,1,0,0,0,0,0,-2.17
2025-09-23 09:00:00,632.0,0,1,0,0,0,0,0,-0.02
2025-09-23 10:00:00,632.3,0,1,0,0,0,0,0,0.05
2025-09-23 11:00:00,634.0,0,1,0,0,0,0,0,0.27
2025-09-23 12:00:00,634.1,0,1,0,0,0,0,0,0.02
2025-09-23 13:00:00,632.1,0,1,0,0,0,0,0,-0.32
2025-09-23 14:00:00,632.1,0,1,0,0,0,0,0,0.0
2025-09-23 15:00:00,631.6,0,1,0,0,0,0,0,-0.08
2025-09-23 16:00:00,600.5,0,1,0,0,0,0,0,-4.92
2025-09-23 17:00:00,610.0,0,1,0,0,0,0,0,1.58
2025-09-23 18:00:00,600.3,0,1,0,0,0,0,0,-1.59
2025-09-23 19:00:00,601.1,0,1,0,0,0,0,0,0.13
2025-09-23 20:00:00,605.1,0,1,0,0,0,0,0,0.67
2025-09-23 21:00:00,605.6,0,1,0,0,0,0,0,0.08
2025-09-23 22:00:00,605.7,0,1,0,0,0,0,0,0.02
2025-09-23 23:00:00,605.8,0,1,0,0,0,0,0,0.02
2025-09-24 00:00:00,606.3,0,1,0,0,0,0,0,0.08
2025-09-24 01:00:00,630.0,0,1,0,0,0,0,0,3.91
2025-09-24 02:00:00,630.5,0,1,0,0,0,0,0,0.08
2025-09-24 03:00:00,635.9,0,1,0,0,0,0,0,0.86
2025-09-24 04:00:00,636.2,0,1,0,0,0,0,0,0.05
2025-09-24 05:00:00,637.0,0,1,0,0,0,0,0,0.13
2025-09-24 06:00:00,638.1,0,1,0,0,0,0,0,0.17
2025-09-24 07:00:00,639.0,0,1,0,0,0,0,0,0.14
2025-09-24 08:00:00,639.6,0,1,0,0,0,0,0,0.09
2025-09-24 09:00:00,640.4,0,1,0,0,0,0,0,0.13
2025-09-24 10:00:00,641.2,0,1,0,0,0,0,0,0.12
2025-09-24 11:00:00,642.1,0,1,0,0,0,0,0,0.14
2025-09-24 12:00:00,643.2,0,1,0,0,0,0,0,0.17
2025-09-24 13:00:00,644.2,0,1,0,0,0,0,0,0.16
2025-09-24 14:00:00,644.9,0,1,0,0,0,0,0,0.11
2025-09-24 15:00:00,645.2,0,1,0,0,0,0,0,0.05
2025-09-24 16:00:00,649.2,0,1,0,0,0,0,0,0.62
2025-09-24 17:00:00,650.2,0,1,0,0,0,0,0,0.15
2025-09-24 18:00:00,648.9,0,1,0,0,0,0,0,-0.2
2025-09-24 19:00:00,649.2,0,1,0,0,0,0,0,0.05
2025-09-24 20:00:00,642.4,0,1,0,0,0,0,0,-1.05
2025-09-24 21:00:00,641.5,0,1,0,0,0,0,0,-0.14
2025-09-24 22:00:00,642.3,0,1,0,0,0,0,0,0.12
2025-09-24 23:00:00,642.4,0,1,0,0,0,0,0,0.02
2025-09-25 00:00:00,636.3,0,1,0,0,0,0,0,-0.95
2025-09-25 01:00:00,637.6,0,1,0,0,0,0,0,0.2
2025-09-25 02:00:00,638.6,0,1,0,0,0,0,0,0.16
2025-09-25 03:00:00,630.6,0,1,0,0,0,0,0,-1.25
2025-09-25 04:00:00,630.8,0,1,0,0,0,0,0,0.03
2025-09-25 05:00:00,631.1,0,1,0,0,0,0,0,0.05
2025-09-25 06:00:00,631.4,0,1,0,0,0,0,0,0.05
2025-09-25 07:00:00,631.8,0,1,0,0,0,0,0,0.06
2025-09-25 08:00:00,632.7,0,1,0,0,0,0,0,0.14
2025-09-25 09:00:00,633.0,0,1,0,0,0,0,0,0.05
2025-09-25 10:00:00,633.6,0,1,0,0,0,0,0,0.09
2025-09-25 11:00:00,633.8,0,1,0,0,0,0,0,0.03
2025-09-25 12:00:00,633.7,0,1,0,0,0,0,0,-0.02
2025-09-25 13:00:00,634.0,0,1,0,0,0,0,0,0.05
2025-09-25 14:00:00,634.9,0,1,0,0,0,0,0,0.14
2025-09-25 15:00:00,634.4,0,1,0,0,0,0,0,-0.08
2025-09-25 16:00:00,634.7,0,1,0,0,0,0,0,0.05
2025-09-25 17:00:00,639.1,0,1,0,0,0,0,0,0.69
2025-09-25 18:00:00,639.5,0,1,0,0,0,0,0,0.06
2025-09-25 19:00:00,642.1,0,1,0,0,0,0,0,0.41
2025-09-25 20:00:00,642.9,0,1,0,0,0,0,0,0.12
2025-09-25 21:00:00,642.9,0,1,0,0,0,0,0,0.0
2025-09-25 22:00:00,643.0,0,1,0,0,0,0,0,0.02
2025-09-25 23:00:00,642.7,0,1,0,0,0,0,0,-0.05
2025-09-26 00:00:00,642.1,0,1,0,0,0,0,0,-0.09
2025-09-26 01:00:00,642.1,0,1,0,0,0,0,0,0.0
2025-09-26 02:00:00,639.5,0,1,0,0,0,0,0,-0.4
2025-09-26 03:00:00,639.3,0,1,0,0,0,0,0,-0.03
2025-09-26 04:00:00,639.4,0,1,0,0,0,0,0,0.02
2025-09-26 05:00:00,639.2,0,1,0,0,0,0,0,-0.03
2025-09-26 06:00:00,639.2,0,1,0,0,0,0,0,0.0
2025-09-26 07:00:00,639.4,0,1,0,0,0,0,0,0.03
2025-09-26 08:00:00,633.8,0,1,0,0,0,0,0,-0.88
2025-09-26 09:00:00,633.9,0,1,0,0,0,0,0,0.02
2025-09-26 10:00:00,633.7,0,1,0,0,0,0,0,-0.03
2025-09-26 11:00:00,632.1,0,1,0,0,0,0,0,-0.25
2025-09-26 12:00:00,632.1,0,1,0,0,0,0,0,0.0
2025-09-26 13:00:00,630.4,0,1,0,0,0,0,0,-0.27
2025-09-26 14:00:00,600.9,0,1,0,0,0,0,0,-4.68
2025-09-26 15:00:00,600.9,0,1,0,0,0,0,0,0.0
2025-09-26 16:00:00,605.8,0,1,0,0,0,0,0,0.82
2025-09-26 17:00:00,600.0,0,1,0,0,0,0,0,-0.96
2025-09-26 18:00:00,514.1,0,1,0,0,0,0,0,-14.32
2025-09-26 19:00:00,533.5,0,1,0,0,0,0,0,3.77
2025-09-26 20:00:00,535.7,0,1,0,0,0,0,0,0.41
2025-09-26 21:00:00,543.7,0,1,0,0,0,0,0,1.49
2025-09-26 22:00:00,545.2,0,1,0,0,0,0,0,0.28
2025-09-26 23:00:00,548.4,0,1,0,0,0,0,0,0.59
2025-09-27 00:00:00,554.5,0,1,0,0,0,0,0,1.11
2025-09-27 01:00:00,556.9,0,1,0,0,0,0,0,0.43
2025-09-27 02:00:00,562.6,0,1,0,0,0,0,0,1.02
2025-09-27 03:00:00,563.2,0,1,0,0,0,0,0,0.11
2025-09-27 04:00:00,564.4,0,1,0,0,0,0,0,0.21
2025-09-27 05:00:00,564.9,0,1,0,0,0,0,0,0.09
2025-09-27 06:00:00,565.4,0,1,0,0,0,0,0,0.09
2025-09-27 07:00:00,566.7,0,1,0,0,0,0,0,0.23
2025-09-27 08:00:00,567.7,0,1,0,0,0,0,0,0.18
2025-09-27 09:00:00,567.8,0,1,0,0,0,0,0,0.02
2025-09-27 10:00:00,568.1,0,1,0,0,0,0,0,0.05
2025-09-27 11:00:00,568.7,0,1,0,0,0,0,0,0.11
2025-09-27 12:00:00,572.7,0,1,0,0,0,0,0,0.7
2025-09-27 13:00:00,572.9,0,1,0,0,0,0,0,0.03
2025-09-27 14:00:00,579.0,0,1,0,0,0,0,0,1.06
2025-09-27 15:00:00,579.5,0,1,0,0,0,0,0,0.09
2025-09-27 16:00:00,585.8,0,1,0,0,0,0,0,1.09
2025-09-27 17:00:00,588.0,0,1,0,0,0,0,0,0.38
2025-09-27 18:00:00,590.4,0,1,0,0,0,0,0,0.41
2025-09-27 19:00:00,591.7,0,1,0,0,0,0,0,0.22
2025-09-27 20:00:00,592.9,0,1,0,0,0,0,0,0.2
2025-09-27 21:00:00,597.0,0,1,0,0,0,0,0,0.69
2025-09-27 22:00:00,597.9,0,1,0,0,0,0,0,0.15
2025-09-27 23:00:00,598.0,0,1,0,0,0,0,0,0.02
2025-09-28 00:00:00,598.3,0,1,0,0,0,0,0,0.05
2025-09-28 01:00:00,598.6,0,1,0,0,0,0,0,0.05
2025-09-28 02:00:00,599.1,0,1,0,0,0,0,0,0.08
2025-09-28 03:00:00,599.7,0,1,0,0,0,0,0,0.1
2025-09-28 04:00:00,600.8,0,0,1,0,0,0,0,0.18
2025-09-28 05:00:00,599.9,0,0,1,0,0,0,0,-0.15
2025-09-28 06:00:00,598.3,0,0,1,0,0,0,0,-0.27
2025-09-28 07:00:00,598.4,0,0,1,0,0,0,0,0.02
2025-09-28 08:00:00,598.6,0,0,1,0,0,0,0,0.03
2025-09-28 09:00:00,598.6,0,0,1,0,0,0,0,0.0
2025-09-28 10:00:00,599.5,0,0,1,0,0,0,0,0.15
2025-09-28 11:00:00,599.9,0,0,1,0,0,0,0,0.07
2025-09-28 12:00:00,599.7,0,0,1,0,0,0,0,-0.03
2025-09-28 13:00:00,601.1,0,0,1,0,0,0,0,0.23
2025-09-28 14:00:00,602.2,0,0,1,0,0,0,0,0.18
2025-09-28 15:00:00,603.1,0,0,1,0,0,0,0,0.15
2025-09-28 16:00:00,604.1,0,0,1,0,0,0,0,0.17
2025-09-28 17:00:00,605.2,0,0,1,0,0,0,0,0.18
2025-09-28 18:00:00,614.6,0,0,1,0,0,0,0,1.55
2025-09-28 19:00:00,617.7,0,0,1,0,0,0,0,0.5
2025-09-28 20:00:00,624.2,0,0,1,0,0,0,0,1.05
2025-09-28 21:00:00,634.0,0,0,1,0,0,0,0,1.57
2025-09-28 22:00:00,634.1,0,0,1,0,0,0,0,0.02
2025-09-28 23:00:00,670.0,0,0,1,0,0,0,0,5.66
2025-09-29 00:00:00,1070.8,0,0,1,0,0,0,0,59.82
2025-09-29 01:00:00,940.2,0,0,1,0,0,0,0,-12.2
2025-09-29 02:00:00,639.2,0,0,1,0,0,0,0,-32.01
2025-09-29 03:00:00,661.0,0,0,1,0,0,0,0,3.41
2025-09-29 04:00:00,675.0,0,0,1,0,0,0,0,2.12
2025-09-29 05:00:00,675.5,0,0,1,0,0,0,0,0.07
2025-09-29 06:00:00,675.4,0,0,1,0,0,0,0,-0.01
2025-09-29 07:00:00,675.4,0,0,1,0,0,0,0,0.0
2025-09-29 08:00:00,675.5,0,0,1,0,0,0,0,0.01
2025-09-29 09:00:00,675.7,0,0,1,0,0,0,0,0.03
2025-09-29 10:00:00,676.5,0,0,1,0,0,0,0,0.12
2025-09-29 11:00:00,677.7,0,0,1,0,0,0,0,0.18
2025-09-29 12:00:00,680.3,0,0,1,0,0,0,0,0.38
2025-09-29 13:00:00,680.0,0,0,1,0,0,0,0,-0.04
2025-09-29 14:00:00,710.1,0,0,1,0,0,0,0,4.43
2025-09-29 15:00:00,679.7,0,0,1,0,0,0,0,-4.28
2025-09-29 16:00:00,677.0,0,0,1,0,0,0,0,-0.4
2025-09-29 17:00:00,682.7,0,0,1,0,0,0,0,0.84
2025-09-29 18:00:00,685.6,0,0,1,0,0,0,0,0.42
2025-09-29 19:00:00,684.1,0,0,1,0,0,0,0,-0.22
2025-09-29 20:00:00,686.4,0,0,1,0,0,0,0,0.34
2025-09-29 21:00:00,689.1,0,0,1,0,0,0,0,0.39
2025-09-29 22:00:00,687.5,0,0,1,0,0,0,0,-0.23
2025-09-29 23:00:00,690.0,0,0,1,0,0,0,0,0.36
2025-09-30 00:00:00,690.3,0,0,1,0,0,0,0,0.04
2025-09-30 01:00:00,690.9,0,0,1,0,0,0,0,0.09
2025-09-30 02:00:00,690.8,0,0,1,0,0,0,0,-0.01
2025-09-30 03:00:00,691.1,0,0,1,0,0,0,0,0.04
2025-09-30 04:00:00,691.4,0,0,1,0,0,0,0,0.04
2025-09-30 05:00:00,691.8,0,0,1,0,0,0,0,0.06
2025-09-30 06:00:00,688.2,0,0,1,0,0,0,0,-0.52
2025-09-30 07:00:00,688.6,0,0,1,0,0,0,0,0.06
2025-09-30 08:00:00,688.7,0,0,1,0,0,0,0,0.01
2025-09-30 09:00:00,689.1,0,0,1,0,0,0,0,0.06
2025-09-30 10:00:00,689.6,0,0,1,0,0,0,0,0.07
2025-09-30 11:00:00,689.3,0,0,1,0,0,0,0,-0.04
2025-09-30 12:00:00,691.0,0,0,1,0,0,0,0,0.25
2025-09-30 13:00:00,677.1,0,0,1,0,0,0,0,-2.01
2025-09-30 14:00:00,678.6,0,0,1,0,0,0,0,0.22
2025-09-30 15:00:00,678.3,0,0,1,0,0,0,0,-0.04
2025-09-30 16:00:00,676.8,0,0,1,0,0,0,0,-0.22
2025-09-30 17:00:00,680.9,0,0,1,0,0,0,0,0.61
2025-09-30 18:00:00,677.0,0,0,1,0,0,0,0,-0.57
2025-09-30 19:00:00,677.1,0,0,1,0,0,0,0,0.01
2025-09-30 20:00:00,678.1,0,0,1,0,0,0,0,0.15
2025-09-30 21:00:00,677.9,0,0,1,0,0,0,0,-0.03
2025-09-30 22:00:00,680.8,0,0,1,0,0,0,0,0.43
2025-09-30 23:00:00,680.6,0,0,1,0,0,0,0,-0.03
2025-10-01 00:00:00,681.0,0,0,1,0,0,0,0,0.06
2025-10-01 01:00:00,680.7,0,0,1,0,0,0,0,-0.04
2025-10-01 02:00:00,680.6,0,0,1,0,0,0,0,-0.01
2025-10-01 03:00:00,680.6,0,0,1,0,0,0,0,0.0
2025-10-01 04:00:00,680.4,0,0,1,0,0,0,0,-0.03
2025-10-01 05:00:00,680.4,0,0,1,0,0,0,0,0.0
2025-10-01 06:00:00,681.5,0,0,1,0,0,0,0,0.16
2025-10-01 07:00:00,680.3,0,0,1,0,0,0,0,-0.18
2025-10-01 08:00:00,678.0,0,0,1,0,0,0,0,-0.34
2025-10-01 09:00:00,678.1,0,0,1,0,0,0,0,0.01
2025-10-01 10:00:00,676.8,0,0,1,0,0,0,0,-0.19
2025-10-01 11:00:00,677.4,0,0,1,0,0,0,0,0.09
2025-10-01 12:00:00,677.7,0,0,1,0,0,0,0,0.04
2025-10-01 13:00:00,677.9,0,0,1,0,0,0,0,0.03
2025-10-01 14:00:00,680.9,0,0,1,0,0,0,0,0.44
2025-10-01 15:00:00,701.9,0,0,1,0,0,0,0,3.08
2025-10-01 16:00:00,902.5,0,0,1,0,0,0,0,28.58
2025-10-01 17:00:00,905.7,0,0,1,0,0,0,0,0.35
2025-10-01 18:00:00,908.9,0,0,1,0,0,0,0,0.35
2025-10-01 19:00:00,909.2,0,0,1,0,0,0,0,0.03
2025-10-01 20:00:00,909.3,0,0,1,0,0,0,0,0.01
2025-10-01 21:00:00,905.4,0,0,1,0,0,0,0,-0.43
2025-10-01 22:00:00,904.1,0,0,1,0,0,0,0,-0.14
2025-10-01 23:00:00,904.1,0,0,1,0,0,0,0,0.0
2025-10-02 00:00:00,900.3,0,0,1,0,0,0,0,-0.42
2025-10-02 01:00:00,900.4,0,0,1,0,0,0,0,0.01
2025-10-02 02:00:00,900.6,0,0,1,0,0,0,0,0.02
2025-10-02 03:00:00,900.3,0,0,1,0,0,0,0,-0.03
2025-10-02 04:00:00,703.9,0,0,1,0,0,0,0,-21.81
2025-10-02 05:00:00,703.0,0,0,1,0,0,0,0,-0.13
2025-10-02 06:00:00,703.5,0,0,1,0,0,0,0,0.07
2025-10-02 07:00:00,704.2,0,0,1,0,0,0,0,0.1
2025-10-02 08:00:00,711.0,0,0,1,0,0,0,0,0.97
2025-10-02 09:00:00,718.0,0,0,1,0,0,0,0,0.98
2025-10-02 10:00:00,718.1,0,0,1,0,0,0,0,0.01
2025-10-02 11:00:00,717.9,0,0,1,0,0,0,0,-0.03
2025-10-02 12:00:00,718.0,0,0,1,0,0,0,0,0.01
2025-10-02 13:00:00,704.1,0,0,1,0,0,0,0,-1.94
2025-10-02 14:00:00,706.2,0,0,1,0,0,0,0,0.3
2025-10-02 15:00:00,706.2,0,0,1,0,0,0,0,0.0
2025-10-02 16:00:00,704.8,0,0,1,0,0,0,0,-0.2
2025-10-02 17:00:00,708.8,0,0,1,0,0,0,0,0.57
2025-10-02 18:00:00,709.3,0,0,1,0,0,0,0,0.07
2025-10-02 19:00:00,709.1,0,0,1,0,0,0,0,-0.03
2025-10-02 20:00:00,710.2,0,0,1,0,0,0,0,0.16
2025-10-02 21:00:00,709.1,0,0,1,0,0,0,0,-0.15
2025-10-02 22:00:00,709.3,0,0,1,0,0,0,0,0.03
2025-10-02 23:00:00,709.3,0,0,1,0,0,0,0,0.0
2025-10-03 00:00:00,708.9,0,0,1,0,0,0,0,-0.06
2025-10-03 01:00:00,708.6,0,0,1,0,0,0,0,-0.04
2025-10-03 02:00:00,704.1,0,0,1,0,0,0,0,-0.64
2025-10-03 03:00:00,704.3,0,0,1,0,0,0,0,0.03
2025-10-03 04:00:00,704.1,0,0,1,0,0,0,0,-0.03
2025-10-03 05:00:00,703.5,0,0,1,0,0,0,0,-0.09
2025-10-03 06:00:00,681.0,0,0,1,0,0,0,0,-3.2
2025-10-03 07:00:00,681.3,0,0,1,0,0,0,0,0.04
2025-10-03 08:00:00,681.1,1,0,0,0,0,0,0,-0.03
2025-10-03 09:00:00,681.3,1,0,0,0,0,0,0,0.03
2025-10-03 10:00:00,681.0,1,0,0,0,0,0,0,-0.04
2025-10-03 11:00:00,681.3,1,0,0,0,0,0,0,0.04
2025-10-03 12:00:00,681.3,1,0,0,0,0,0,0,0.0
2025-10-03 13:00:00,680.9,1,0,0,0,0,0,0,-0.06
2025-10-03 14:00:00,681.1,1,0,0,0,0,0,0,0.03
2025-10-03 15:00:00,681.2,1,0,0,0,0,0,0,0.01
2025-10-03 16:00:00,681.6,1,0,0,0,0,0,0,0.06
2025-10-03 17:00:00,682.1,1,0,0,0,0,0,0,0.07
2025-10-03 18:00:00,681.9,1,0,0,0,0,0,0,-0.03
2025-10-03 19:00:00,682.9,1,0,0,0,0,0,0,0.15
2025-10-03 20:00:00,683.5,1,0,0,0,0,0,0,0.09
2025-10-03 21:00:00,683.7,1,0,0,0,0,0,0,0.03
2025-10-03 22:00:00,685.3,1,0,0,0,0,0,0,0.23
2025-10-03 23:00:00,681.4,1,0,0,0,0,0,0,-0.57
2025-10-04 00:00:00,677.1,1,0,0,0,0,0,0,-0.63
2025-10-04 01:00:00,677.0,1,0,0,0,0,0,0,-0.01
2025-10-04 02:00:00,677.1,1,0,0,0,0,0,0,0.01
2025-10-04 03:00:00,676.9,1,0,0,0,0,0,0,-0.03
2025-10-04 04:00:00,677.1,1,0,0,0,0,0,0,0.03
2025-10-04 05:00:00,676.8,1,0,0,0,0,0,0,-0.04
2025-10-04 06:00:00,676.9,1,0,0,0,0,0,0,0.01
2025-10-04 07:00:00,676.8,1,0,0,0,0,0,0,-0.01
2025-10-04 08:00:00,676.9,1,0,0,0,0,0,0,0.01
2025-10-04 09:00:00,676.8,1,0,0,0,0,0,0,-0.01
2025-10-04 10:00:00,676.9,1,0,0,0,0,0,0,0.01
2025-10-04 11:00:00,677.3,1,0,0,0,0,0,0,0.06
2025-10-04 12:00:00,677.0,1,0,0,0,0,0,0,-0.04
2025-10-04 13:00:00,676.9,1,0,0,0,0,0,0,-0.01
2025-10-04 14:00:00,676.8,1,0,0,0,0,0,0,-0.01
2025-10-04 15:00:00,676.8,1,0,0,0,0,0,0,0.0
2025-10-04 16:00:00,677.0,1,0,0,0,0,0,0,0.03
2025-10-04 17:00:00,677.0,1,0,0,0,0,0,0,0.0
2025-10-04 18:00:00,681.7,1,0,0,0,0,0,0,0.69
2025-10-04 19:00:00,685.1,1,0,0,0,0,0,0,0.5
2025-10-04 20:00:00,687.0,1,0,0,0,0,0,0,0.28
2025-10-04 21:00:00,676.8,1,0,0,0,0,0,0,-1.48
2025-10-04 22:00:00,677.0,1,0,0,0,0,0,0,0.03
2025-10-04 23:00:00,677.3,1,0,0,0,0,0,0,0.04
2025-10-05 00:00:00,676.9,1,0,0,0,0,0,0,-0.06
2025-10-05 01:00:00,677.1,1,0,0,0,0,0,0,0.03
2025-10-05 02:00:00,677.4,1,0,0,0,0,0,0,0.04
2025-10-05 03:00:00,677.5,1,0,0,0,0,0,0,0.01
2025-10-05 04:00:00,677.4,1,0,0,0,0,0,0,-0.01
2025-10-05 05:00:00,677.2,1,0,0,0,0,0,0,-0.03
2025-10-05 06:00:00,676.9,1,0,0,0,0,0,0,-0.04
2025-10-05 07:00:00,677.0,1,0,0,0,0,0,0,0.01
2025-10-05 08:00:00,679.9,1,0,0,0,0,0,0,0.43
2025-10-05 09:00:00,634.1,1,0,0,0,0,0,0,-6.74
2025-10-05 10:00:00,613.7,1,0,0,0,0,0,0,-3.22
2025-10-05 11:00:00,601.1,1,0,0,0,0,0,0,-2.05
2025-10-05 12:00:00,603.0,1,0,0,0,0,0,0,0.32
2025-10-05 13:00:00,605.2,1,0,0,0,0,0,0,0.36
2025-10-05 14:00:00,605.5,1,0,0,0,0,0,0,0.05
2025-10-05 15:00:00,605.9,1,0,0,0,0,0,0,0.07
2025-10-05 16:00:00,623.8,1,0,0,0,0,0,0,2.95
2025-10-05 17:00:00,623.4,1,0,0,0,0,0,0,-0.06
2025-10-05 18:00:00,640.6,1,0,0,0,0,0,0,2.76
2025-10-05 19:00:00,643.2,1,0,0,0,0,0,0,0.41
2025-10-05 20:00:00,666.4,1,0,0,0,0,0,0,3.61
2025-10-05 21:00:00,668.2,1,0,0,0,0,0,0,0.27
2025-10-05 22:00:00,668.9,1,0,0,0,0,0,0,0.1
2025-10-05 23:00:00,670.1,1,0,0,0,0,0,0,0.18
2025-10-06 00:00:00,673.9,1,0,0,0,0,0,0,0.57
2025-10-06 01:00:00,687.0,1,0,0,0,0,0,0,1.94
2025-10-06 02:00:00,700.1,1,0,0,0,0,0,0,1.91
2025-10-06 03:00:00,700.9,1,0,0,0,0,0,0,0.11
2025-10-06 04:00:00,701.1,1,0,0,0,0,0,0,0.03
2025-10-06 05:00:00,710.7,1,0,0,0,0,0,0,1.37
2025-10-06 06:00:00,710.9,1,0,0,0,0,0,0,0.03
2025-10-06 07:00:00,709.7,1,0,0,0,0,0,0,-0.17
2025-10-06 08:00:00,701.0,1,0,0,0,0,0,0,-1.23
2025-10-06 09:00:00,700.9,1,0,0,0,0,0,0,-0.01
2025-10-06 10:00:00,701.3,1,0,0,0,0,0,0,0.06
2025-10-06 11:00:00,701.6,1,0,0,0,0,0,0,0.04
2025-10-06 12:00:00,701.7,1,0,0,0,0,0,0,0.01
2025-10-06 13:00:00,701.7,1,0,0,0,0,0,0,0.0
2025-10-06 14:00:00,720.2,1,0,0,0,0,0,0,2.64
2025-10-06 15:00:00,714.8,1,0,0,0,0,0,0,-0.75
2025-10-06 16:00:00,715.4,1,0,0,0,0,0,0,0.08
2025-10-06 17:00:00,716.0,1,0,0,0,0,0,0,0.08
2025-10-06 18:00:00,716.8,1,0,0,0,0,0,0,0.11
2025-10-06 19:00:00,702.0,1,0,0,0,0,0,0,-2.06
2025-10-06 20:00:00,701.7,1,0,0,0,0,0,0,-0.04
2025-10-06 21:00:00,715.0,1,0,0,0,0,0,0,1.9
2025-10-06 22:00:00,711.3,1,0,0,0,0,0,0,-0.52
2025-10-06 23:00:00,711.8,1,0,0,0,0,0,0,0.07
2025-10-07 00:00:00,711.1,1,0,0,0,0,0,0,-0.1
2025-10-07 01:00:00,711.0,1,0,0,0,0,0,0,-0.01
2025-10-07 02:00:00,710.9,1,0,0,0,0,0,0,-0.01
2025-10-07 03:00:00,705.0,1,0,0,0,0,0,0,-0.83
2025-10-07 04:00:00,701.6,1,0,0,0,0,0,0,-0.48
2025-10-07 05:00:00,700.0,1,0,0,0,0,0,0,-0.23
2025-10-07 06:00:00,674.4,1,0,0,0,0,0,0,-3.66
2025-10-07 07:00:00,670.0,1,0,0,0,0,0,0,-0.65
2025-10-07 08:00:00,669.7,1,0,0,0,0,0,0,-0.04
2025-10-07 09:00:00,675.8,1,0,0,0,0,0,0,0.91
2025-10-07 10:00:00,676.7,1,0,0,0,0,0,0,0.13
2025-10-07 11:00:00,677.3,1,0,0,0,0,0,0,0.09
2025-10-07 12:00:00,682.5,1,0,0,0,0,0,0,0.77
2025-10-07 13:00:00,686.8,1,0,0,0,0,0,0,0.63
2025-10-07 14:00:00,687.8,1,0,0,0,0,0,0,0.15
2025-10-07 15:00:00,691.3,1,0,0,0,0,0,0,0.51
2025-10-07 16:00:00,691.1,1,0,0,0,0,0,0,-0.03
2025-10-07 17:00:00,691.9,1,0,0,0,0,0,0,0.12
2025-10-07 18:00:00,691.4,1,0,0,0,0,0,0,-0.07
2025-10-07 19:00:00,695.4,1,0,0,0,0,0,0,0.58
2025-10-07 20:00:00,694.9,1,0,0,0,0,0,0,-0.07
2025-10-07 21:00:00,695.3,1,0,0,0,0,0,0,0.06
2025-10-07 22:00:00,695.6,1,0,0,0,0,0,0,0.04
2025-10-07 23:00:00,693.9,1,0,0,0,0,0,0,-0.24
2025-10-08 00:00:00,691.0,1,0,0,0,0,0,0,-0.42
2025-10-08 01:00:00,687.4,1,0,0,0,0,0,0,-0.52
2025-10-08 02:00:00,678.4,1,0,0,0,0,0,0,-1.31
2025-10-08 03:00:00,678.5,1,0,0,0,0,0,0,0.01
2025-10-08 04:00:00,678.6,1,0,0,0,0,0,0,0.01
2025-10-08 05:00:00,678.9,1,0,0,0,0,0,0,0.04
2025-10-08 06:00:00,678.9,1,0,0,0,0,0,0,0.0
2025-10-08 07:00:00,679.2,1,0,0,0,0,0,0,0.04
2025-10-08 08:00:00,679.1,1,0,0,0,0,0,0,-0.01
2025-10-08 09:00:00,679.0,1,0,0,0,0,0,0,-0.01
2025-10-08 10:00:00,679.4,1,0,0,0,0,0,0,0.06
2025-10-08 11:00:00,679.0,1,0,0,0,0,0,0,-0.06
2025-10-08 12:00:00,679.5,0,0,0,0,0,1,0,0.07
2025-10-08 13:00:00,679.6,0,0,0,0,0,1,0,0.01
2025-10-08 14:00:00,679.7,0,0,0,0,0,1,0,0.01
2025-10-08 15:00:00,680.0,0,0,0,0,0,1,0,0.04
2025-10-08 16:00:00,680.0,0,0,0,0,0,1,0,0.0
2025-10-08 17:00:00,678.9,0,0,0,0,0,1,0,-0.16
2025-10-08 18:00:00,678.6,0,0,0,0,0,1,0,-0.04
2025-10-08 19:00:00,668.8,0,0,0,0,0,1,0,-1.44
2025-10-08 20:00:00,669.1,0,0,0,0,0,1,0,0.04
2025-10-08 21:00:00,668.7,0,0,0,0,0,1,0,-0.06
2025-10-08 22:00:00,669.1,0,0,0,0,0,1,0,0.06
2025-10-08 23:00:00,669.3,0,0,0,0,0,1,0,0.03
2025-10-09 00:00:00,624.1,0,0,0,0,0,1,0,-6.75
2025-10-09 01:00:00,624.5,0,0,0,0,0,1,0,0.06
2025-10-09 02:00:00,625.0,0,0,0,0,0,1,0,0.08
2025-10-09 03:00:00,634.5,0,0,0,0,0,1,0,1.52
2025-10-09 04:00:00,630.5,0,0,0,0,0,1,0,-0.63
2025-10-09 05:00:00,630.8,0,0,0,0,0,1,0,0.05
2025-10-09 06:00:00,631.4,0,0,0,0,0,1,0,0.1
2025-10-09 07:00:00,631.9,0,0,0,0,0,1,0,0.08
2025-10-09 08:00:00,631.9,0,0,0,0,0,1,0,0.0
2025-10-09 09:00:00,632.2,0,0,0,0,0,1,0,0.05
2025-10-09 10:00:00,632.3,0,0,0,0,0,1,0,0.02
2025-10-09 11:00:00,633.3,0,0,0,0,0,1,0,0.16
2025-10-09 12:00:00,634.3,0,0,0,0,0,1,0,0.16
2025-10-09 13:00:00,654.1,0,0,0,0,0,1,0,3.12
2025-10-09 14:00:00,657.0,0,0,0,0,0,1,0,0.44
2025-10-09 15:00:00,658.6,0,0,0,0,0,1,0,0.24
2025-10-09 16:00:00,668.4,0,0,0,0,0,1,0,1.49
2025-10-09 17:00:00,673.5,0,0,0,0,0,1,0,0.76
2025-10-09 18:00:00,675.1,0,0,0,0,0,1,0,0.24
2025-10-09 19:00:00,678.3,0,0,0,0,0,1,0,0.47
2025-10-09 20:00:00,679.6,0,0,0,0,0,1,0,0.19
2025-10-09 21:00:00,678.7,0,0,0,0,0,1,0,-0.13
2025-10-09 22:00:00,679.0,0,0,0,0,0,1,0,0.04
2025-10-09 23:00:00,678.8,0,0,0,0,0,1,0,-0.03
2025-10-10 00:00:00,678.9,0,0,0,0,0,1,0,0.01
2025-10-10 01:00:00,678.7,0,0,0,0,0,1,0,-0.03
2025-10-10 02:00:00,678.7,0,0,0,0,0,1,0,0.0
2025-10-10 03:00:00,678.6,0,0,0,0,0,1,0,-0.01
2025-10-10 04:00:00,678.5,0,0,0,0,0,1,0,-0.01
2025-10-10 05:00:00,677.5,0,0,0,0,0,1,0,-0.15
2025-10-10 06:00:00,677.4,0,0,0,0,0,1,0,-0.01
2025-10-10 07:00:00,677.4,0,0,0,0,0,1,0,0.0
2025-10-10 08:00:00,676.6,0,0,0,0,0,1,0,-0.12
2025-10-10 09:00:00,675.3,0,0,0,0,0,1,0,-0.19
2025-10-10 10:00:00,675.5,0,0,0,0,0,1,0,0.03
2025-10-10 11:00:00,675.9,0,0,0,0,0,1,0,0.06
2025-10-10 12:00:00,676.5,0,0,0,0,0,1,0,0.09
2025-10-10 13:00:00,676.8,0,0,0,0,0,1,0,0.04
2025-10-10 14:00:00,677.4,0,0,0,0,0,1,0,0.09
2025-10-10 15:00:00,677.6,0,0,0,0,0,1,0,0.03
2025-10-10 16:00:00,679.4,0,0,0,0,0,1,0,0.27
2025-10-10 17:00:00,682.5,0,0,0,0,0,1,0,0.46
2025-10-10 18:00:00,684.7,0,0,0,0,0,1,0,0.32
2025-10-10 19:00:00,683.2,0,0,0,0,0,1,0,-0.22
2025-10-10 20:00:00,683.4,0,0,0,0,0,1,0,0.03
2025-10-10 21:00:00,683.6,0,0,0,0,0,1,0,0.03
2025-10-10 22:00:00,683.6,0,0,0,0,0,1,0,0.0
2025-10-10 23:00:00,684.6,0,0,0,0,0,1,0,0.15
2025-10-11 00:00:00,684.5,0,0,0,0,0,1,0,-0.01
2025-10-11 01:00:00,683.9,0,0,0,0,0,1,0,-0.09
2025-10-11 02:00:00,683.6,0,0,0,0,0,1,0,-0.04
2025-10-11 03:00:00,683.8,0,0,0,0,0,1,0,0.03
2025-10-11 04:00:00,683.6,0,0,0,0,0,1,0,-0.03
2025-10-11 05:00:00,683.6,0,0,0,0,0,1,0,0.0
2025-10-11 06:00:00,683.9,0,0,0,0,0,1,0,0.04
2025-10-11 07:00:00,683.8,0,0,0,0,0,1,0,-0.01
2025-10-11 08:00:00,683.9,0,0,0,0,0,1,0,0.01
2025-10-11 09:00:00,684.0,0,0,0,0,0,1,0,0.01
2025-10-11 10:00:00,684.1,0,0,0,0,0,1,0,0.01
2025-10-11 11:00:00,684.2,0,0,0,0,0,1,0,0.01
2025-10-11 12:00:00,684.1,0,0,0,0,0,1,0,-0.01
2025-10-11 13:00:00,685.2,0,0,0,0,0,1,0,0.16
2025-10-11 14:00:00,686.9,0,0,0,0,0,1,0,0.25
2025-10-11 15:00:00,687.7,0,0,0,0,0,1,0,0.12
2025-10-11 16:00:00,687.8,0,0,0,0,0,1,0,0.01
2025-10-11 17:00:00,687.6,0,0,0,0,0,1,0,-0.03
2025-10-11 18:00:00,683.7,0,0,0,0,0,1,0,-0.57
2025-10-11 19:00:00,687.4,0,0,0,0,0,1,0,0.54
2025-10-11 20:00:00,687.4,0,0,0,0,0,1,0,0.0
2025-10-11 21:00:00,689.2,0,0,0,0,0,1,0,0.26
2025-10-11 22:00:00,689.6,0,0,0,0,0,1,0,0.06
2025-10-11 23:00:00,689.6,0,0,0,0,0,1,0,0.0
2025-10-12 00:00:00,689.6,0,0,0,0,0,1,0,0.0
2025-10-12 21:00:00,684.3,0,0,0,0,0,1,0,-0.77
2025-10-12 22:00:00,684.1,0,0,0,0,0,1,0,-0.03
2025-10-12 23:00:00,683.7,0,0,0,0,0,1,0,-0.06
2025-10-13 00:00:00,684.0,0,0,0,0,0,1,0,0.04
2025-10-13 01:00:00,683.6,0,0,0,0,0,1,0,-0.06
2025-10-13 02:00:00,684.0,0,0,0,0,0,1,0,0.06
2025-10-13 03:00:00,683.9,0,0,0,0,0,1,0,-0.01
2025-10-13 04:00:00,683.8,0,0,0,0,0,1,0,-0.01
2025-10-13 05:00:00,683.6,0,0,0,0,0,1,0,-0.03
2025-10-13 06:00:00,683.6,0,0,0,0,0,1,0,0.0
2025-10-13 07:00:00,683.6,0,0,0,0,0,1,0,0.0
2025-10-13 08:00:00,683.6,0,0,0,0,0,1,0,0.0
2025-10-13 09:00:00,683.8,0,0,0,0,0,1,0,0.03
2025-10-13 10:00:00,683.7,0,0,0,0,0,1,0,-0.01
2025-10-13 11:00:00,680.0,0,0,0,0,0,1,0,-0.54
2025-10-13 12:00:00,676.9,0,0,0,0,0,1,0,-0.46
2025-10-13 13:00:00,676.9,0,0,0,0,0,1,0,0.0
2025-10-13 14:00:00,677.3,0,0,0,0,0,1,0,0.06
2025-10-13 15:00:00,676.9,0,0,0,0,0,1,0,-0.06
2025-10-13 16:00:00,677.7,0,0,0,0,1,0,0,0.12
2025-10-13 17:00:00,677.1,0,0,0,0,1,0,0,-0.09
2025-10-13 18:00:00,677.6,0,0,0,0,1,0,0,0.07
2025-10-13 19:00:00,680.1,0,0,0,0,1,0,0,0.37
2025-10-13 20:00:00,682.2,0,0,0,0,1,0,0,0.31
2025-10-13 21:00:00,685.1,0,0,0,0,1,0,0,0.43
2025-10-13 22:00:00,686.5,0,0,0,0,1,0,0,0.2
2025-10-13 23:00:00,687.4,0,0,0,0,1,0,0,0.13
2025-10-14 00:00:00,687.7,0,0,0,0,1,0,0,0.04
2025-10-14 01:00:00,691.4,0,0,0,0,1,0,0,0.54
2025-10-14 02:00:00,691.6,0,0,0,0,1,0,0,0.03
2025-10-14 03:00:00,691.6,0,0,0,0,1,0,0,0.0
2025-10-14 04:00:00,691.9,0,0,0,0,1,0,0,0.04
2025-10-14 05:00:00,692.8,0,0,0,0,1,0,0,0.13
2025-10-14 06:00:00,692.8,0,0,0,0,1,0,0,0.0
2025-10-14 07:00:00,692.5,0,0,0,0,1,0,0,-0.04
2025-10-14 08:00:00,689.2,0,0,0,0,1,0,0,-0.48
2025-10-14 09:00:00,688.3,0,0,0,0,1,0,0,-0.13
2025-10-14 10:00:00,688.4,0,0,0,0,1,0,0,0.01
2025-10-14 11:00:00,688.2,0,0,0,0,1,0,0,-0.03
2025-10-14 12:00:00,683.7,0,0,0,0,1,0,0,-0.65
2025-10-14 13:00:00,684.0,0,0,0,0,1,0,0,0.04
2025-10-14 14:00:00,684.1,0,0,0,0,1,0,0,0.01
2025-10-14 15:00:00,684.9,0,0,0,0,1,0,0,0.12
2025-10-14 16:00:00,683.9,0,0,0,0,1,0,0,-0.15
2025-10-14 17:00:00,684.0,0,0,0,0,1,0,0,0.01
2025-10-14 19:00:00,684.5,0,0,0,0,1,0,0,0.07
2025-10-14 20:00:00,685.2,0,0,0,0,1,0,0,0.1
2025-10-14 21:00:00,685.7,0,0,0,0,1,0,0,0.07
2025-10-14 22:00:00,685.6,0,0,0,0,1,0,0,-0.01
2025-10-14 23:00:00,686.2,0,0,0,0,1,0,0,0.09
2025-10-15 00:00:00,683.6,0,0,0,0,1,0,0,-0.38
2025-10-15 01:00:00,676.9,0,0,0,0,1,0,0,-0.98
2025-10-15 02:00:00,677.2,0,0,0,0,1,0,0,0.04
2025-10-15 03:00:00,677.4,0,0,0,0,1,0,0,0.03
2025-10-15 04:00:00,677.1,0,0,0,0,1,0,0,-0.04
2025-10-15 05:00:00,676.8,0,0,0,0,1,0,0,-0.04
2025-10-15 06:00:00,676.9,0,0,0,0,1,0,0,0.01
2025-10-15 07:00:00,676.9,0,0,0,0,1,0,0,0.0
2025-10-15 08:00:00,676.9,0,0,0,0,1,0,0,0.0
2025-10-15 09:00:00,677.2,0,0,0,0,1,0,0,0.04
2025-10-15 10:00:00,677.9,0,0,0,0,1,0,0,0.1
2025-10-15 11:00:00,678.1,0,0,0,0,1,0,0,0.03
2025-10-15 12:00:00,678.1,0,0,0,0,1,0,0,0.0
2025-10-15 13:00:00,678.0,0,0,0,0,1,0,0,-0.01
2025-10-15 14:00:00,677.1,0,0,0,0,1,0,0,-0.13
2025-10-15 15:00:00,679.1,0,0,0,0,1,0,0,0.3
2025-10-15 16:00:00,631.4,0,0,0,0,1,0,0,-7.02
2025-10-15 17:00:00,632.4,0,0,0,0,1,0,0,0.16
2025-10-15 18:00:00,631.5,0,0,0,0,1,0,0,-0.14
2025-10-15 19:00:00,632.7,0,0,0,0,1,0,0,0.19
2025-10-15 20:00:00,634.4,0,0,0,0,1,0,0,0.27
2025-10-15 21:00:00,634.7,0,0,0,0,1,0,0,0.05
2025-10-15 22:00:00,632.8,0,0,0,0,1,0,0,-0.3
2025-10-15 23:00:00,633.2,0,0,0,0,1,0,0,0.06
2025-10-16 00:00:00,633.7,0,0,0,0,1,0,0,0.08
2025-10-16 01:00:00,632.7,0,0,0,0,1,0,0,-0.16
2025-10-16 02:00:00,632.4,0,0,0,0,1,0,0,-0.05
2025-10-16 03:00:00,633.1,0,0,0,0,1,0,0,0.11
2025-10-16 04:00:00,633.2,0,0,0,0,1,0,0,0.02
2025-10-16 05:00:00,634.4,0,0,0,0,1,0,0,0.19
2025-10-16 06:00:00,634.7,0,0,0,0,1,0,0,0.05
2025-10-16 07:00:00,634.7,0,0,0,0,1,0,0,0.0
2025-10-16 08:00:00,635.7,0,0,0,0,1,0,0,0.16
2025-10-16 09:00:00,634.3,0,0,0,0,1,0,0,-0.22
2025-10-16 10:00:00,633.7,0,0,0,0,1,0,0,-0.09
2025-10-16 11:00:00,634.2,0,0,0,0,1,0,0,0.08
2025-10-16 12:00:00,634.5,0,0,0,0,1,0,0,0.05
2025-10-16 13:00:00,635.0,0,0,0,0,1,0,0,0.08
2025-10-16 14:00:00,635.2,0,0,0,0,1,0,0,0.03
2025-10-16 15:00:00,636.1,0,0,0,0,1,0,0,0.14
2025-10-16 16:00:00,636.5,0,0,0,0,1,0,0,0.06
2025-10-16 17:00:00,637.7,0,0,0,0,1,0,0,0.19
2025-10-16 18:00:00,637.7,0,0,0,0,1,0,0,0.0
2025-10-16 19:00:00,637.9,0,0,0,0,1,0,0,0.03
2025-10-16 20:00:00,654.8,0,0,0,0,1,0,0,2.65
2025-10-16 21:00:00,639.4,0,0,0,0,1,0,0,-2.35
2025-10-16 22:00:00,640.6,0,0,0,0,1,0,0,0.19
2025-10-16 23:00:00,641.4,0,0,0,0,1,0,0,0.12
2025-10-17 00:00:00,642.5,0,0,0,0,1,0,0,0.17
