Date,Buy Price,Buy Volume,Buy Moving Week,Buy Orders Count,Sell Price,Sell Volume,Sell Moving Week,Sell Orders Count,Mayor_Aatrox,Mayor_Cole,Mayor_Diana,Mayor_Diaz,Mayor_Jerry,Mayor_Marina,Mayor_Paul,Price_Change_Percent
2025-09-10 00:00:00,327.9,1101754.0,10174776.0,20.0,281.6,583015.0,8871768.0,14.0,1,0,0,0,0,0,0,0.0
2025-09-10 01:00:00,328.0,1081840.0,10152883.0,20.0,281.6,545797.0,8858689.0,13.0,1,0,0,0,0,0,0,0.0
2025-09-10 02:00:00,328.1,1059624.0,10094130.0,19.0,281.6,510704.0,8864187.0,13.0,1,0,0,0,0,0,0,0.0
2025-09-10 03:00:00,328.0,1132352.0,10057864.0,21.0,281.4,464152.0,8881925.0,12.0,1,0,0,0,0,0,0,-0.07
2025-09-10 04:00:00,328.0,1098055.0,10079412.0,20.0,281.4,450366.0,8891293.0,11.0,1,0,0,0,0,0,0,0.0
2025-09-10 05:00:00,327.7,1206199.0,10059918.0,23.0,281.5,432702.0,8901012.0,11.0,1,0,0,0,0,0,0,0.04
2025-09-10 06:00:00,328.0,1037875.0,10183040.0,19.0,281.4,378021.0,8920875.0,10.0,1,0,0,0,0,0,0,-0.04
2025-09-10 07:00:00,327.8,1032508.0,10179484.0,21.0,281.3,355585.0,8910925.0,9.0,1,0,0,0,0,0,0,-0.04
2025-09-10 08:00:00,322.2,1166126.0,10095776.0,26.0,281.4,498726.0,8926452.0,11.0,1,0,0,0,0,0,0,0.04
2025-09-10 09:00:00,321.5,1304648.0,10051323.0,33.0,281.5,535161.0,8933200.0,12.0,1,0,0,0,0,0,0,0.04
2025-09-10 10:00:00,321.3,1324882.0,10109250.0,35.0,281.5,504731.0,8945731.0,12.0,1,0,0,0,0,0,0,0.0
2025-09-10 11:00:00,321.5,1321752.0,10079888.0,33.0,281.5,374430.0,8934839.0,10.0,1,0,0,0,0,0,0,0.0
2025-09-10 12:00:00,321.4,1336567.0,10045429.0,34.0,281.7,578362.0,8950436.0,13.0,1,0,0,0,0,0,0,0.07
2025-09-10 13:00:00,321.1,1419690.0,10000961.0,37.0,281.9,553201.0,8970400.0,14.0,1,0,0,0,0,0,0,0.07
2025-09-10 14:00:00,321.1,1454139.0,9931033.0,37.0,281.8,559619.0,8973228.0,13.0,1,0,0,0,0,0,0,-0.04
2025-09-10 15:00:00,320.4,1792961.0,9883379.0,44.0,281.8,575754.0,8976500.0,13.0,1,0,0,0,0,0,0,0.0
2025-09-10 16:00:00,320.4,1805516.0,9828557.0,48.0,281.9,533894.0,8953732.0,13.0,1,0,0,0,0,0,0,0.04
2025-09-10 17:00:00,320.4,1798845.0,9854377.0,45.0,281.8,438611.0,8984996.0,10.0,1,0,0,0,0,0,0,-0.04
2025-09-10 18:00:00,320.5,1705405.0,9816498.0,44.0,282.2,606915.0,8977614.0,14.0,1,0,0,0,0,0,0,0.14
2025-09-10 19:00:00,319.9,1759256.0,9704533.0,52.0,282.1,572615.0,8910080.0,13.0,1,0,0,0,0,0,0,-0.04
2025-09-10 20:00:00,319.6,1767055.0,9705983.0,55.0,282.6,778001.0,8937917.0,17.0,1,0,0,0,0,0,0,0.18
2025-09-10 21:00:00,315.8,1923214.0,9759938.0,58.0,282.7,712087.0,8913528.0,16.0,1,0,0,0,0,0,0,0.04
2025-09-10 22:00:00,311.8,1949956.0,9766723.0,66.0,282.5,557511.0,8973942.0,13.0,1,0,0,0,0,0,0,-0.07
2025-09-10 23:00:00,311.3,1965219.0,9718655.0,71.0,282.5,559336.0,8965775.0,14.0,1,0,0,0,0,0,0,0.0
2025-09-11 00:00:00,311.9,1946380.0,9752197.0,64.0,282.4,510282.0,8952735.0,12.0,1,0,0,0,0,0,0,-0.04
2025-09-11 01:00:00,311.7,1967327.0,9691857.0,66.0,282.2,479126.0,8930526.0,11.0,1,0,0,0,0,0,0,-0.07
2025-09-11 02:00:00,311.4,2012994.0,9677754.0,69.0,282.3,504564.0,8916042.0,12.0,1,0,0,0,0,0,0,0.04
2025-09-11 03:00:00,311.8,1946434.0,9689693.0,64.0,282.4,530986.0,8923353.0,14.0,1,0,0,0,0,0,0,0.04
2025-09-11 04:00:00,299.9,1957891.0,9658936.0,67.0,282.4,482724.0,8936517.0,14.0,1,0,0,0,0,0,0,0.0
2025-09-11 05:00:00,311.3,1941124.0,9671304.0,70.0,282.1,437767.0,8949777.0,10.0,1,0,0,0,0,0,0,-0.11
2025-09-11 06:00:00,311.8,1935352.0,9649804.0,64.0,282.1,439772.0,8974573.0,9.0,1,0,0,0,0,0,0,0.0
2025-09-11 07:00:00,311.6,1947975.0,9623572.0,66.0,282.2,444998.0,8967293.0,10.0,1,0,0,0,0,0,0,0.04
2025-09-11 08:00:00,311.9,1916333.0,9617535.0,63.0,283.7,395376.0,8970050.0,10.0,1,0,0,0,0,0,0,0.53
2025-09-11 09:00:00,311.6,1916160.0,9612279.0,66.0,282.0,361160.0,8953520.0,8.0,1,0,0,0,0,0,0,-0.6
2025-09-11 10:00:00,311.3,2114277.0,9541869.0,71.0,282.1,407989.0,8937557.0,9.0,1,0,0,0,0,0,0,0.04
2025-09-11 11:00:00,311.3,2098310.0,9535469.0,71.0,282.2,450573.0,8901178.0,10.0,1,0,0,0,0,0,0,0.04
2025-09-11 12:00:00,311.4,2018875.0,9589084.0,71.0,282.2,425825.0,8899113.0,10.0,1,0,0,0,0,0,0,0.0
2025-09-11 13:00:00,311.2,2173036.0,9587009.0,73.0,282.4,521968.0,8905421.0,12.0,1,0,0,0,0,0,0,0.07
2025-09-11 14:00:00,311.1,2171046.0,9577830.0,74.0,282.7,560851.0,8917821.0,15.0,1,0,0,0,0,0,0,0.11
2025-09-11 15:00:00,311.0,2169531.0,9532022.0,75.0,282.6,526610.0,8887556.0,14.0,1,0,0,0,0,0,0,-0.04
2025-09-11 16:00:00,311.3,2100601.0,9488810.0,72.0,282.4,482284.0,8886698.0,12.0,1,0,0,0,0,0,0,-0.07
2025-09-11 17:00:00,311.3,2096515.0,9538718.0,73.0,282.1,384880.0,8909074.0,9.0,1,0,0,0,0,0,0,-0.11
2025-09-11 18:00:00,310.9,2092599.0,9487972.0,78.0,282.3,385155.0,8893450.0,11.0,1,0,0,0,0,0,0,0.07
2025-09-11 19:00:00,310.7,2339061.0,9435145.0,79.0,283.7,402601.0,8881031.0,11.0,1,0,0,0,0,0,0,0.5
2025-09-11 20:00:00,310.6,2312136.0,9384747.0,80.0,17.2,396520.0,9313941.0,10.0,1,0,0,0,0,0,0,-93.94
2025-09-11 21:00:00,310.9,2233560.0,9428767.0,77.0,219.1,1490608.0,9324001.0,42.0,1,0,0,0,0,0,0,1173.84
2025-09-11 22:00:00,310.7,2295100.0,9275986.0,79.0,260.1,1537167.0,9365509.0,43.0,1,0,0,0,0,0,0,18.71
2025-09-11 23:00:00,308.8,2838926.0,9271286.0,93.0,260.2,1526829.0,9390399.0,44.0,1,0,0,0,0,0,0,0.04
2025-09-12 00:00:00,308.5,2982738.0,9221845.0,96.0,260.1,1496154.0,9375574.0,43.0,1,0,0,0,0,0,0,-0.04
2025-09-12 01:00:00,308.4,2969279.0,9240047.0,97.0,260.0,1455039.0,9366455.0,42.0,1,0,0,0,0,0,0,-0.04
2025-09-12 02:00:00,308.1,2981601.0,9244446.0,100.0,200.0,1221806.0,9370287.0,29.0,1,0,0,0,0,0,0,-23.08
2025-09-12 03:00:00,307.4,3038950.0,9244748.0,107.0,200.2,1309695.0,9408426.0,31.0,1,0,0,0,0,0,0,0.1
2025-09-12 04:00:00,306.9,3231519.0,9254342.0,114.0,200.3,1326315.0,9391784.0,31.0,1,0,0,0,0,0,0,0.05
2025-09-12 05:00:00,307.0,3148311.0,9284842.0,112.0,200.3,1302602.0,9399281.0,31.0,1,0,0,0,0,0,0,0.0
2025-09-12 06:00:00,306.4,3569358.0,9342292.0,119.0,200.9,1445146.0,9408037.0,34.0,1,0,0,0,0,0,0,0.3
2025-09-12 07:00:00,306.0,3655028.0,9344502.0,123.0,201.2,1546887.0,9430054.0,36.0,1,0,0,0,0,0,0,0.15
2025-09-12 08:00:00,304.8,3681459.0,9268843.0,127.0,201.7,1732892.0,9406452.0,41.0,1,0,0,0,0,0,0,0.25
2025-09-12 09:00:00,304.3,3743126.0,9255772.0,132.0,202.6,1582751.0,9394991.0,33.0,1,0,0,0,0,0,0,0.45
2025-09-12 10:00:00,304.2,3796924.0,9245772.0,136.0,202.9,1619197.0,9407707.0,33.0,1,0,0,0,0,0,0,0.15
2025-09-12 11:00:00,304.1,3930508.0,9260595.0,138.0,203.2,1760436.0,9454420.0,36.0,1,0,0,0,0,0,0,0.15
2025-09-12 12:00:00,302.4,4067290.0,9238795.0,145.0,208.8,2220220.0,9466096.0,44.0,1,0,0,0,0,0,0,2.76
2025-09-12 13:00:00,302.3,4070274.0,9275776.0,144.0,209.4,2054621.0,9481502.0,42.0,1,0,0,0,0,0,0,0.29
2025-09-12 14:00:00,301.5,4161929.0,9346064.0,154.0,209.7,2185146.0,9480925.0,44.0,1,0,0,0,0,0,0,0.14
2025-09-12 15:00:00,301.1,4263021.0,9309964.0,158.0,210.2,2443495.0,9472397.0,48.0,1,0,0,0,0,0,0,0.24
2025-09-12 16:00:00,300.3,4353990.0,9247812.0,165.0,210.7,2702280.0,9494817.0,53.0,0,0,0,1,0,0,0,0.24
2025-09-12 17:00:00,299.8,5353351.0,9325557.0,173.0,210.7,2486562.0,9498982.0,49.0,0,0,0,1,0,0,0,0.0
2025-09-12 18:00:00,300.1,5457162.0,9371507.0,173.0,211.2,2649765.0,9516841.0,53.0,0,0,0,1,0,0,0,0.24
2025-09-12 19:00:00,301.2,5216324.0,9422623.0,158.0,211.5,2301337.0,9541117.0,46.0,0,0,0,1,0,0,0,0.14
2025-09-12 20:00:00,300.5,5345193.0,9368557.0,166.0,211.7,2433048.0,9538762.0,48.0,0,0,0,1,0,0,0,0.09
2025-09-12 21:00:00,300.0,1895169.0,9367310.0,45.0,212.2,2672252.0,9596312.0,52.0,0,0,0,1,0,0,0,0.24
2025-09-12 22:00:00,299.4,1957403.0,9418527.0,50.0,212.3,2669995.0,9634861.0,52.0,0,0,0,1,0,0,0,0.05
2025-09-12 23:00:00,299.8,1866518.0,9432195.0,47.0,212.6,2764231.0,9658562.0,55.0,0,0,0,1,0,0,0,0.14
2025-09-13 00:00:00,299.2,1947952.0,9414140.0,51.0,212.9,2890615.0,9723489.0,58.0,0,0,0,1,0,0,0,0.14
2025-09-13 01:00:00,298.1,2134820.0,9315546.0,66.0,213.0,2905062.0,9716663.0,58.0,0,0,0,1,0,0,0,0.05
2025-09-13 02:00:00,289.9,2155726.0,9314015.0,71.0,213.1,2907157.0,9744279.0,59.0,0,0,0,1,0,0,0,0.05
2025-09-13 03:00:00,291.1,1993445.0,9411319.0,48.0,213.2,3085796.0,9762530.0,61.0,0,0,0,1,0,0,0,0.05
2025-09-13 04:00:00,290.7,2023071.0,9421780.0,53.0,213.4,3234056.0,9763811.0,65.0,0,0,0,1,0,0,0,0.09
2025-09-13 05:00:00,290.5,2007668.0,9444080.0,54.0,213.6,3133035.0,9781276.0,65.0,0,0,0,1,0,0,0,0.09
2025-09-13 06:00:00,290.4,2140698.0,9429945.0,55.0,213.5,3136463.0,9777767.0,64.0,0,0,0,1,0,0,0,-0.05
2025-09-13 07:00:00,289.8,2274917.0,9443610.0,61.0,213.9,3317454.0,9792693.0,68.0,0,0,0,1,0,0,0,0.19
2025-09-13 08:00:00,289.8,2221900.0,8874937.0,61.0,213.9,3336805.0,9793380.0,68.0,0,0,0,1,0,0,0,0.0
2025-09-13 09:00:00,289.3,2364759.0,8904035.0,68.0,218.0,3519124.0,9804224.0,72.0,0,0,0,1,0,0,0,1.92
2025-09-13 10:00:00,289.6,2342814.0,8895022.0,64.0,218.4,3646335.0,9859902.0,76.0,0,0,0,1,0,0,0,0.18
2025-09-13 11:00:00,289.0,2341293.0,8971982.0,71.0,218.8,3868274.0,9876279.0,80.0,0,0,0,1,0,0,0,0.18
2025-09-13 12:00:00,288.3,2508426.0,8907669.0,77.0,219.8,4132975.0,9874618.0,89.0,0,0,0,1,0,0,0,0.46
2025-09-13 13:00:00,286.8,2857452.0,8840748.0,95.0,220.4,3803513.0,9900391.0,79.0,0,0,0,1,0,0,0,0.27
2025-09-13 14:00:00,285.6,2817576.0,8890119.0,103.0,220.6,3866864.0,9922341.0,80.0,0,0,0,1,0,0,0,0.09
2025-09-13 15:00:00,278.0,2914644.0,8861424.0,116.0,220.1,3729855.0,9955375.0,77.0,0,0,0,1,0,0,0,-0.23
2025-09-13 16:00:00,284.7,2767078.0,8952845.0,98.0,220.1,3686289.0,10047703.0,77.0,0,0,0,1,0,0,0,0.0
2025-09-13 17:00:00,284.0,2861139.0,8934661.0,105.0,220.0,1837085.0,10101498.0,43.0,0,0,0,1,0,0,0,-0.05
2025-09-13 18:00:00,284.3,2797599.0,9043793.0,101.0,223.8,1918995.0,10139167.0,46.0,0,0,0,1,0,0,0,1.73
2025-09-13 19:00:00,284.1,2878073.0,9080144.0,102.0,224.1,1805138.0,10147320.0,44.0,0,0,0,1,0,0,0,0.13
2025-09-13 20:00:00,283.0,3040521.0,8974688.0,109.0,224.0,1684945.0,10225447.0,42.0,0,0,0,1,0,0,0,-0.04
2025-09-13 21:00:00,282.1,3067899.0,8862675.0,120.0,224.2,1686035.0,10226857.0,43.0,0,0,0,1,0,0,0,0.09
2025-09-13 22:00:00,277.5,3016432.0,8931349.0,110.0,224.9,2108110.0,10232607.0,50.0,0,0,0,1,0,0,0,0.31
2025-09-13 23:00:00,283.0,3113632.0,8978988.0,114.0,228.2,2146496.0,10206318.0,51.0,0,0,0,1,0,0,0,1.47
2025-09-14 00:00:00,283.8,2932808.0,9005269.0,105.0,228.1,1970735.0,10225196.0,46.0,0,0,0,1,0,0,0,-0.04
2025-09-14 01:00:00,287.9,2510764.0,9165811.0,78.0,228.0,1848681.0,10299295.0,45.0,0,0,0,1,0,0,0,-0.04
2025-09-14 02:00:00,288.2,2484432.0,9180257.0,78.0,228.0,1801791.0,10311577.0,44.0,0,0,0,1,0,0,0,0.0
2025-09-14 03:00:00,281.9,2464095.0,9183358.0,80.0,228.1,1814874.0,10340571.0,45.0,0,0,0,1,0,0,0,0.04
2025-09-15 01:00:00,306.8,1849687.0,9131799.0,35.0,252.1,2299976.0,10696981.0,51.0,0,0,0,1,0,0,0,10.52
2025-09-15 02:00:00,300.7,1918061.0,9088582.0,42.0,252.0,2179432.0,10853757.0,49.0,0,0,0,1,0,0,0,-0.04
2025-09-15 03:00:00,300.5,1923715.0,9052822.0,44.0,252.1,2322521.0,10879608.0,51.0,0,0,0,1,0,0,0,0.04
2025-09-15 04:00:00,300.4,1941732.0,9035155.0,43.0,252.1,2287329.0,10914060.0,51.0,0,0,0,1,0,0,0,0.0
2025-09-15 05:00:00,300.1,1961242.0,9032237.0,46.0,252.4,2312837.0,10919195.0,54.0,0,0,0,1,0,0,0,0.12
2025-09-15 06:00:00,306.3,1928187.0,9125724.0,41.0,252.3,2346594.0,10941606.0,53.0,0,0,0,1,0,0,0,-0.04
2025-09-15 07:00:00,306.4,1969874.0,9125824.0,39.0,252.4,2385833.0,10943885.0,54.0,0,0,0,1,0,0,0,0.04
2025-09-15 08:00:00,305.7,2128294.0,9148459.0,46.0,252.7,2524357.0,10962846.0,57.0,0,0,0,1,0,0,0,0.12
2025-09-15 09:00:00,305.0,2194172.0,9138759.0,51.0,252.6,2466728.0,11020382.0,56.0,0,0,0,1,0,0,0,-0.04
2025-09-15 10:00:00,305.0,2145152.0,9149401.0,51.0,252.6,2439492.0,11032224.0,56.0,0,0,0,1,0,0,0,0.0
2025-09-15 11:00:00,304.1,2792850.0,9120348.0,62.0,252.5,2155503.0,11059148.0,48.0,0,0,0,1,0,0,0,-0.04
2025-09-15 12:00:00,304.1,2713514.0,9178329.0,62.0,252.6,2150001.0,11064374.0,48.0,0,0,0,1,0,0,0,0.04
2025-09-15 13:00:00,303.8,2751747.0,9235909.0,65.0,253.0,2372066.0,11082493.0,52.0,0,0,0,1,0,0,0,0.16
2025-09-15 14:00:00,303.2,3311871.0,9228932.0,71.0,253.2,2520871.0,11106239.0,55.0,0,0,0,1,0,0,0,0.08
2025-09-15 15:00:00,297.9,3595110.0,9188102.0,75.0,253.3,2317963.0,11103305.0,52.0,0,0,0,1,0,0,0,0.04
2025-09-15 16:00:00,303.0,3492242.0,9267357.0,73.0,253.2,2229010.0,11122629.0,50.0,0,0,0,1,0,0,0,-0.04
2025-09-15 17:00:00,302.7,3495391.0,9215774.0,78.0,253.6,2299562.0,11168047.0,54.0,0,0,0,1,0,0,0,0.16
2025-09-15 18:00:00,303.4,1585837.0,9150869.0,30.0,253.6,2209814.0,11184640.0,50.0,0,0,0,1,0,0,0,0.0
2025-09-15 19:00:00,303.8,1514396.0,9266309.0,27.0,253.6,2053893.0,11204591.0,47.0,0,0,0,1,0,0,0,0.0
2025-09-15 20:00:00,304.0,1504613.0,9237956.0,26.0,253.6,2022187.0,11219253.0,47.0,0,0,0,1,0,0,0,0.0
2025-09-15 21:00:00,307.8,1480753.0,9565584.0,11.0,253.8,1999309.0,11244953.0,48.0,0,0,0,1,0,0,0,0.08
2025-09-15 22:00:00,307.9,1466594.0,9574034.0,10.0,253.9,2025773.0,11268523.0,48.0,0,0,0,1,0,0,0,0.04
2025-09-15 23:00:00,349.0,1346785.0,9569264.0,2.0,254.0,2392344.0,11210389.0,53.0,0,0,0,1,0,0,0,0.04
2025-09-16 00:00:00,348.9,1293967.0,9636191.0,3.0,254.1,2330388.0,11213526.0,53.0,0,0,0,1,0,0,0,0.04
2025-09-16 01:00:00,347.9,1255466.0,9714171.0,4.0,255.7,3402850.0,11164428.0,70.0,0,0,0,1,0,0,0,0.63
2025-09-16 02:00:00,348.0,1229080.0,9738674.0,3.0,260.6,3661818.0,11151808.0,73.0,0,0,0,1,0,0,0,1.92
2025-09-16 03:00:00,347.6,1281013.0,9708805.0,8.0,260.6,3641690.0,11204886.0,73.0,0,0,0,1,0,0,0,0.0
2025-09-16 04:00:00,338.9,1451734.0,9618140.0,12.0,265.1,3769913.0,11205835.0,76.0,0,0,0,1,0,0,0,1.73
2025-09-16 05:00:00,331.1,1538526.0,9561897.0,19.0,265.2,3829343.0,11205766.0,77.0,0,0,0,1,0,0,0,0.04
2025-09-16 06:00:00,331.1,1537881.0,9577922.0,19.0,265.5,3927599.0,11226539.0,80.0,0,0,0,1,0,0,0,0.11
2025-09-16 07:00:00,331.4,1570425.0,9522051.0,20.0,269.2,3883189.0,11215401.0,79.0,0,0,0,1,0,0,0,1.39
2025-09-16 08:00:00,331.1,1323583.0,9483247.0,11.0,265.5,3668176.0,11219974.0,72.0,0,0,0,1,0,0,0,-1.37
2025-09-16 09:00:00,331.0,1321689.0,9496671.0,13.0,265.8,3904826.0,11241317.0,76.0,0,0,0,1,0,0,0,0.11
2025-09-16 10:00:00,330.6,1339975.0,9444496.0,17.0,266.3,4120017.0,11243641.0,81.0,0,0,0,1,0,0,0,0.19
2025-09-16 11:00:00,330.2,1355286.0,9431071.0,21.0,266.5,4121736.0,11251732.0,82.0,0,0,0,1,0,0,0,0.08
2025-09-16 12:00:00,330.3,1509177.0,9440633.0,20.0,266.5,4212459.0,11253487.0,82.0,0,0,0,1,0,0,0,0.0
2025-09-16 13:00:00,329.8,1566464.0,9463206.0,24.0,266.5,4247475.0,11252084.0,82.0,0,0,0,1,0,0,0,0.0
2025-09-16 14:00:00,329.2,1757480.0,9449323.0,28.0,266.6,4214916.0,11264864.0,82.0,0,0,0,1,0,0,0,0.04
2025-09-16 15:00:00,348.9,1179346.0,9870778.0,3.0,266.5,4171273.0,11275704.0,82.0,0,0,0,1,0,0,0,-0.04
2025-09-16 16:00:00,348.5,4396885.0,9903633.0,9.0,300.0,2099514.0,11284648.0,48.0,0,0,0,1,0,0,0,12.57
2025-09-16 17:00:00,348.1,3932508.0,9901190.0,10.0,270.7,2163089.0,11277726.0,49.0,0,0,0,1,0,0,0,-9.77
2025-09-16 18:00:00,340.1,3954101.0,9927622.0,13.0,271.3,2307897.0,11274014.0,51.0,0,0,0,1,0,0,0,0.22
2025-09-16 19:00:00,347.5,4088884.0,9899730.0,16.0,271.3,2228631.0,11269695.0,50.0,0,0,0,1,0,0,0,0.0
2025-09-16 20:00:00,338.8,4260562.0,9636436.0,29.0,271.8,2453183.0,11094043.0,55.0,0,0,0,1,0,0,0,0.18
2025-09-16 21:00:00,345.8,5399201.0,9608595.0,33.0,271.8,2283088.0,11120456.0,51.0,0,0,0,1,0,0,0,0.0
2025-09-16 22:00:00,345.9,5259362.0,9705557.0,32.0,271.9,2271442.0,11165103.0,52.0,0,0,0,1,0,0,0,0.04
2025-09-16 23:00:00,345.8,5248488.0,9608816.0,33.0,271.5,2219593.0,11189175.0,50.0,0,0,0,1,0,0,0,-0.15
2025-09-17 00:00:00,345.5,5298445.0,9588918.0,36.0,271.5,2181335.0,11171808.0,50.0,0,0,0,1,0,0,0,0.0
2025-09-17 01:00:00,344.6,5304602.0,9570071.0,41.0,271.3,2110465.0,11182532.0,48.0,0,0,0,1,0,0,0,-0.07
2025-09-17 02:00:00,344.9,5317140.0,9605723.0,37.0,266.5,1994204.0,11253043.0,44.0,0,0,0,1,0,0,0,-1.77
2025-09-17 03:00:00,344.9,5288202.0,9591011.0,37.0,266.6,2027962.0,11237779.0,45.0,0,0,0,1,0,0,0,0.04
2025-09-17 04:00:00,345.0,5271535.0,9562280.0,36.0,266.6,1988558.0,11254044.0,45.0,0,0,0,1,0,0,0,0.0
2025-09-17 05:00:00,345.5,5243536.0,9589394.0,36.0,266.3,1938528.0,11262132.0,44.0,0,0,0,1,0,0,0,-0.11
2025-09-17 06:00:00,337.8,5249168.0,9587441.0,34.0,266.2,1751781.0,11279882.0,40.0,0,0,0,1,0,0,0,-0.04
2025-09-17 07:00:00,345.8,5178340.0,9521454.0,33.0,266.0,1715380.0,11261309.0,38.0,0,0,0,1,0,0,0,-0.08
2025-09-17 08:00:00,345.7,5128191.0,9584079.0,36.0,266.1,1756922.0,11248077.0,39.0,0,0,0,1,0,0,0,0.04
2025-09-17 09:00:00,345.6,5189915.0,9611811.0,35.0,266.5,1956242.0,11248158.0,45.0,0,0,0,1,0,0,0,0.15
2025-09-17 10:00:00,345.2,5205322.0,9643294.0,39.0,266.9,2193791.0,11231151.0,47.0,0,0,0,1,0,0,0,0.15
2025-09-17 11:00:00,345.5,5165867.0,9696547.0,36.0,267.2,2261052.0,11243045.0,50.0,0,0,0,1,0,0,0,0.11
2025-09-17 12:00:00,345.7,5072583.0,9751759.0,34.0,267.5,2401545.0,11251206.0,54.0,0,0,0,1,0,0,0,0.11
2025-09-17 13:00:00,345.2,5102085.0,9708275.0,39.0,267.6,2445623.0,11229179.0,55.0,0,0,0,1,0,0,0,0.04
2025-09-17 14:00:00,337.6,5262487.0,9742308.0,39.0,268.0,2086873.0,11235181.0,46.0,0,0,0,1,0,0,0,0.15
2025-09-17 15:00:00,345.2,5434292.0,9840738.0,39.0,268.1,2027691.0,11224585.0,46.0,0,0,0,1,0,0,0,0.04
2025-09-17 16:00:00,343.9,6793901.0,9881131.0,53.0,268.6,2274838.0,11239265.0,49.0,0,0,0,1,0,0,0,0.19
2025-09-17 17:00:00,335.7,7133135.0,9828645.0,58.0,268.5,2200077.0,11216065.0,48.0,0,0,0,1,0,0,0,-0.04
2025-09-17 18:00:00,335.2,4013619.0,9866080.0,35.0,268.9,2166513.0,11222739.0,47.0,0,0,0,1,0,0,0,0.15
2025-09-17 19:00:00,335.1,4333630.0,9950016.0,36.0,269.8,2571121.0,11236290.0,56.0,0,0,0,1,0,0,0,0.33
2025-09-17 20:00:00,334.7,4287657.0,10062575.0,42.0,269.8,2519462.0,11292104.0,56.0,0,0,0,0,0,0,1,0.0
2025-09-17 21:00:00,334.7,4295523.0,10170975.0,39.0,270.4,2625727.0,11307750.0,62.0,0,0,0,0,0,0,1,0.22
2025-09-17 22:00:00,334.8,4224610.0,10196797.0,39.0,269.9,2557983.0,11270883.0,57.0,0,0,0,0,0,0,1,-0.18
2025-09-17 23:00:00,343.8,3370346.0,10331118.0,19.0,270.0,2127217.0,11305026.0,47.0,0,0,0,0,0,0,1,0.04
2025-09-18 00:00:00,329.5,3412641.0,10325467.0,25.0,270.1,2145170.0,11319624.0,48.0,0,0,0,0,0,0,1,0.04
2025-09-18 01:00:00,336.4,3301088.0,10423521.0,22.0,270.1,2131769.0,11317136.0,48.0,0,0,0,0,0,0,1,0.0
2025-09-18 02:00:00,335.9,3329921.0,10473617.0,27.0,270.3,2147362.0,11314690.0,49.0,0,0,0,0,0,0,1,0.07
2025-09-18 03:00:00,335.8,3331631.0,10435713.0,28.0,270.1,2140468.0,11324102.0,48.0,0,0,0,0,0,0,1,-0.07
2025-09-18 04:00:00,343.7,3273279.0,10479281.0,20.0,270.0,2084220.0,11332945.0,48.0,0,0,0,0,0,0,1,-0.04
2025-09-18 05:00:00,344.0,3210858.0,10536757.0,18.0,269.8,2055667.0,11317974.0,46.0,0,0,0,0,0,0,1,-0.07
2025-09-18 06:00:00,343.7,3216615.0,10543113.0,21.0,270.1,2192418.0,11306691.0,49.0,0,0,0,0,0,0,1,0.11
2025-09-18 07:00:00,343.9,3162811.0,10598795.0,18.0,270.1,2042161.0,11313226.0,45.0,0,0,0,0,0,0,1,0.0
2025-09-18 08:00:00,343.4,3172565.0,10610271.0,23.0,270.2,2079751.0,11327171.0,46.0,0,0,0,0,0,0,1,0.04
2025-09-18 09:00:00,342.9,3272864.0,10656702.0,28.0,270.3,2108858.0,11325277.0,47.0,0,0,0,0,0,0,1,0.04
2025-09-18 10:00:00,335.2,3293548.0,10681652.0,34.0,270.4,2057151.0,11335649.0,45.0,0,0,0,0,0,0,1,0.04
2025-09-18 11:00:00,335.1,3298426.0,10661462.0,36.0,270.5,2086099.0,11350878.0,46.0,0,0,0,0,0,0,1,0.04
2025-09-18 12:00:00,341.9,3562606.0,10673470.0,37.0,270.8,2253810.0,11369191.0,49.0,0,0,0,0,0,0,1,0.11
2025-09-18 13:00:00,341.0,3803399.0,10681846.0,46.0,270.8,2084644.0,11370717.0,47.0,0,0,0,0,0,0,1,0.0
2025-09-18 14:00:00,341.2,4116029.0,10709951.0,44.0,271.3,2215959.0,11391278.0,51.0,0,0,0,0,0,0,1,0.18
2025-09-18 15:00:00,340.6,4305577.0,10724444.0,51.0,271.3,2110553.0,11389584.0,50.0,0,0,0,0,0,0,1,0.0
2025-09-18 16:00:00,339.0,4454998.0,10670855.0,59.0,271.3,2133138.0,11418588.0,48.0,0,0,0,0,0,0,1,0.0
2025-09-18 17:00:00,338.9,4450678.0,10691870.0,58.0,270.7,2037068.0,11440161.0,45.0,0,0,0,0,0,0,1,-0.22
2025-09-18 18:00:00,338.6,4459354.0,10704630.0,60.0,270.9,1574049.0,11468052.0,40.0,0,0,0,0,0,0,1,0.07
2025-09-18 19:00:00,338.3,4532693.0,10721823.0,64.0,269.7,1370130.0,11595338.0,31.0,0,0,0,0,0,0,1,-0.44
2025-09-18 20:00:00,338.7,4685584.0,10701128.0,62.0,269.9,1360522.0,11178794.0,33.0,0,0,0,0,0,0,1,0.07
2025-09-18 21:00:00,338.7,4590692.0,10802575.0,62.0,270.3,1616636.0,11202944.0,38.0,0,0,0,0,0,0,1,0.15
2025-09-18 22:00:00,325.2,5420352.0,10770774.0,71.0,270.6,1761026.0,11147273.0,40.0,0,0,0,0,0,0,1,0.11
2025-09-18 23:00:00,325.5,5254866.0,10960650.0,67.0,270.6,1747034.0,11131413.0,40.0,0,0,0,0,0,0,1,0.0
2025-09-19 00:00:00,338.5,5175278.0,11032385.0,63.0,270.6,1310441.0,11133909.0,33.0,0,0,0,0,0,0,1,0.0
2025-09-19 01:00:00,338.7,5178890.0,11041500.0,62.0,270.5,1260762.0,11160789.0,32.0,0,0,0,0,0,0,1,-0.04
2025-09-19 02:00:00,338.4,5465837.0,11040944.0,65.0,270.7,1574305.0,11184467.0,37.0,0,0,0,0,0,0,1,0.07
2025-09-19 03:00:00,338.6,5448878.0,11054318.0,63.0,270.7,1545003.0,11189895.0,37.0,0,0,0,0,0,0,1,0.0
2025-09-19 04:00:00,338.0,5641822.0,11022271.0,68.0,270.8,1590566.0,11179078.0,38.0,0,0,0,0,0,0,1,0.04
2025-09-20 02:00:00,325.5,8968597.0,10794003.0,156.0,270.9,773987.0,11534590.0,21.0,0,0,0,0,0,0,1,0.04
2025-09-20 04:00:00,325.0,9153530.0,10773639.0,162.0,269.6,694060.0,11558285.0,19.0,0,0,0,0,0,0,1,-0.48
2025-09-20 05:00:00,325.2,9096889.0,10868048.0,159.0,269.8,800132.0,11557609.0,21.0,0,0,0,0,0,0,1,0.07
2025-09-20 06:00:00,324.6,9125486.0,10870464.0,166.0,269.8,749434.0,11544796.0,21.0,0,0,0,0,0,0,1,0.0
2025-09-20 07:00:00,318.6,9671999.0,10850705.0,173.0,269.9,843633.0,11550070.0,22.0,0,0,0,0,0,0,1,0.04
2025-09-20 08:00:00,318.2,9812602.0,10885306.0,178.0,270.4,995160.0,11546035.0,28.0,0,0,0,0,0,0,1,0.19
2025-09-20 09:00:00,317.0,10158213.0,10832142.0,190.0,270.4,797950.0,11572282.0,22.0,0,0,0,0,0,0,1,0.0
2025-09-20 10:00:00,316.1,10687376.0,10842468.0,200.0,270.6,749207.0,11539219.0,22.0,0,0,0,0,0,0,1,0.07
2025-09-20 11:00:00,316.0,10672701.0,10752901.0,201.0,270.2,669110.0,11579355.0,18.0,0,0,0,0,0,0,1,-0.15
2025-09-20 12:00:00,315.7,10763025.0,10759705.0,204.0,270.3,685722.0,11567769.0,18.0,0,0,0,0,0,0,1,0.04
2025-09-20 13:00:00,314.6,11905604.0,10763559.0,217.0,270.5,919579.0,11569111.0,20.0,0,0,0,0,0,0,1,0.07
2025-09-20 14:00:00,313.9,12369976.0,10664838.0,225.0,270.7,969016.0,11573533.0,22.0,0,0,0,0,0,0,1,0.07
2025-09-20 15:00:00,312.8,12648620.0,10693409.0,236.0,270.8,907639.0,11585481.0,21.0,0,0,0,0,0,0,1,0.04
2025-09-20 16:00:00,311.9,12792968.0,10661103.0,245.0,270.9,1160202.0,11557639.0,26.0,0,0,0,0,0,0,1,0.04
2025-09-20 17:00:00,310.7,13311247.0,10605859.0,257.0,270.8,1060965.0,11433413.0,24.0,0,0,0,0,0,0,1,-0.04
2025-09-20 18:00:00,310.1,13472285.0,10509630.0,266.0,270.8,978457.0,11494621.0,23.0,0,0,0,0,0,0,1,0.0
2025-09-20 19:00:00,309.0,13871659.0,10561815.0,273.0,271.0,1015993.0,11491600.0,23.0,0,0,0,0,0,0,1,0.07
2025-09-20 20:00:00,309.5,13875432.0,10635393.0,272.0,271.0,967998.0,11478443.0,23.0,0,0,0,0,0,0,1,0.0
2025-09-20 21:00:00,308.7,14058442.0,10656599.0,281.0,270.9,886487.0,11496715.0,20.0,0,0,0,0,0,0,1,-0.04
2025-09-20 22:00:00,304.9,14095274.0,10579178.0,281.0,270.3,753147.0,11539881.0,17.0,0,0,0,0,0,0,1,-0.22
2025-09-20 23:00:00,305.0,14061317.0,10710611.0,279.0,270.6,963393.0,11531511.0,23.0,0,0,0,0,0,0,1,0.11
2025-09-21 00:00:00,304.8,14000382.0,10727975.0,281.0,270.4,865925.0,11554145.0,22.0,0,0,0,0,0,0,1,-0.07
2025-09-21 01:00:00,309.0,13921754.0,10751864.0,277.0,270.3,764970.0,11546040.0,19.0,0,0,0,0,0,0,1,-0.04
2025-09-21 02:00:00,309.2,14082511.0,10703204.0,275.0,270.5,796114.0,11507080.0,21.0,0,0,0,0,0,0,1,0.07
2025-09-21 03:00:00,309.1,14103738.0,10721251.0,276.0,270.4,761439.0,11527741.0,20.0,0,0,0,0,0,0,1,-0.04
2025-09-21 04:00:00,309.3,14037854.0,10839140.0,274.0,303.0,721465.0,11622430.0,18.0,0,0,0,0,0,0,1,12.06
2025-09-21 05:00:00,311.9,12450995.0,11320732.0,230.0,303.0,592500.0,11605938.0,15.0,0,0,0,0,0,0,1,0.0
2025-09-21 06:00:00,313.0,12431329.0,11320332.0,226.0,270.3,548286.0,11670261.0,13.0,0,0,0,0,0,0,1,-10.79
2025-09-21 07:00:00,315.2,11831943.0,11409465.0,211.0,270.5,613150.0,11713789.0,15.0,0,0,0,0,0,0,1,0.07
2025-09-21 08:00:00,315.0,11823963.0,11442854.0,213.0,270.8,725474.0,11725931.0,18.0,0,0,0,0,0,0,1,0.11
2025-09-21 09:00:00,314.3,11935893.0,11432532.0,220.0,271.4,827304.0,11775875.0,21.0,0,0,0,0,0,0,1,0.22
2025-09-21 10:00:00,314.2,11805770.0,11480158.0,216.0,271.2,753911.0,11795081.0,19.0,0,0,0,0,0,0,1,-0.07
2025-09-21 11:00:00,314.6,10559846.0,11379886.0,185.0,271.2,759897.0,11778424.0,19.0,0,0,0,0,0,0,1,0.0
2025-09-21 12:00:00,314.6,10511804.0,11392831.0,184.0,271.4,744418.0,11770343.0,20.0,0,0,0,0,0,0,1,0.07
2025-09-21 13:00:00,314.1,10548289.0,11287360.0,189.0,273.8,823006.0,11779899.0,24.0,0,0,0,0,0,0,1,0.88
2025-09-21 14:00:00,314.7,10535859.0,11288180.0,185.0,271.2,754501.0,11783308.0,19.0,0,0,0,0,0,0,1,-0.95
2025-09-21 15:00:00,314.8,10495354.0,11374227.0,183.0,271.3,787590.0,11773321.0,20.0,0,0,0,0,0,0,1,0.04
2025-09-21 16:00:00,324.5,9374103.0,11466943.0,152.0,272.3,1107466.0,11739837.0,27.0,0,0,0,0,0,0,1,0.37
2025-09-21 17:00:00,326.4,8601946.0,11464964.0,119.0,271.5,851959.0,11758192.0,21.0,0,0,0,0,0,0,1,-0.29
2025-09-21 18:00:00,328.2,8844711.0,11531473.0,127.0,275.6,1051986.0,11760386.0,30.0,0,0,0,0,0,0,1,1.51
2025-09-21 19:00:00,327.8,8925441.0,11613173.0,129.0,273.1,993840.0,11732644.0,27.0,0,0,0,0,0,0,1,-0.91
2025-09-21 20:00:00,327.2,8909007.0,11656419.0,134.0,274.2,1051443.0,11679150.0,30.0,0,0,0,0,0,0,1,0.4
2025-09-21 21:00:00,327.8,8878584.0,11670882.0,127.0,274.9,1066678.0,11689810.0,25.0,0,0,0,0,0,0,1,0.26
2025-09-21 22:00:00,328.3,8798095.0,11780716.0,124.0,275.2,1201937.0,11714930.0,28.0,0,0,0,0,0,0,1,0.11
2025-09-21 23:00:00,322.8,8817636.0,11831575.0,125.0,275.4,1104750.0,11702277.0,24.0,0,0,0,0,0,0,1,0.07
2025-09-22 00:00:00,328.2,8762764.0,11885685.0,125.0,275.6,1158653.0,11712927.0,26.0,0,0,0,0,0,0,1,0.07
2025-09-22 01:00:00,327.9,8819853.0,11880281.0,128.0,275.8,1119890.0,11658073.0,24.0,0,0,0,0,0,0,1,0.07
2025-09-22 02:00:00,328.0,8751545.0,12008587.0,126.0,276.2,1230497.0,11705654.0,27.0,0,0,0,0,0,0,1,0.15
2025-09-22 03:00:00,327.9,8653136.0,12113618.0,120.0,276.5,1430377.0,11546110.0,32.0,0,0,0,0,0,0,1,0.11
2025-09-22 04:00:00,327.4,8676673.0,12052211.0,125.0,276.7,1478538.0,11513591.0,34.0,0,0,0,0,0,0,1,0.07
2025-09-22 05:00:00,327.4,8709133.0,12058211.0,126.0,276.6,1430749.0,11503908.0,33.0,0,0,0,0,0,0,1,-0.04
2025-09-22 06:00:00,326.9,8774607.0,11993164.0,130.0,277.0,1542723.0,11474021.0,37.0,0,0,0,0,0,0,1,0.14
2025-09-22 07:00:00,326.3,8897650.0,12023764.0,135.0,277.7,1321589.0,11463057.0,31.0,0,0,0,0,0,0,1,0.25
2025-09-22 08:00:00,316.8,9035554.0,11970846.0,141.0,277.9,1413184.0,11454789.0,33.0,0,0,0,0,0,0,1,0.07
2025-09-22 09:00:00,316.6,9020686.0,11965039.0,143.0,278.1,1434583.0,11427027.0,35.0,0,0,0,0,0,0,1,0.07
2025-09-22 10:00:00,316.3,9139189.0,11941377.0,146.0,278.6,1514157.0,11411946.0,39.0,0,0,0,0,0,0,1,0.18
2025-09-22 11:00:00,316.4,9075484.0,11981506.0,145.0,279.0,1241265.0,11409464.0,33.0,0,0,0,0,0,0,1,0.14
2025-09-22 12:00:00,316.6,9015471.0,11985420.0,143.0,278.9,1041091.0,11397512.0,26.0,0,0,0,0,0,0,1,-0.04
2025-09-22 13:00:00,316.3,9077205.0,11967672.0,146.0,278.8,1017825.0,11394052.0,24.0,0,0,0,0,0,0,1,-0.04
2025-09-22 14:00:00,316.2,9063246.0,11973563.0,147.0,278.4,945432.0,11408522.0,23.0,0,0,0,0,0,0,1,-0.14
2025-09-22 15:00:00,316.6,9004369.0,12028482.0,143.0,277.7,809805.0,11456192.0,20.0,0,0,0,0,0,0,1,-0.25
2025-09-22 16:00:00,326.3,8788791.0,12026282.0,130.0,276.6,826240.0,11447098.0,19.0,0,0,0,0,0,0,1,-0.4
2025-09-22 17:00:00,325.6,9726249.0,11939172.0,137.0,277.1,1047517.0,11426876.0,24.0,0,0,0,0,0,0,1,0.18
2025-09-22 18:00:00,325.5,9756351.0,11984392.0,138.0,277.3,1123776.0,11376018.0,26.0,0,0,0,0,0,0,1,0.07
2025-09-22 19:00:00,325.4,9875186.0,12003789.0,139.0,277.3,1087906.0,11421092.0,26.0,0,0,0,0,0,0,1,0.0
2025-09-22 20:00:00,325.5,9744095.0,12046443.0,138.0,277.6,1216877.0,11442560.0,28.0,0,0,0,0,0,0,1,0.11
2025-09-22 21:00:00,324.7,9839955.0,11825327.0,144.0,277.6,1158817.0,11406950.0,28.0,0,0,0,0,0,0,1,0.0
2025-09-22 22:00:00,325.9,9637888.0,11992172.0,134.0,278.3,1366547.0,11437709.0,34.0,0,0,0,0,0,0,1,0.25
2025-09-22 23:00:00,325.8,9513170.0,11968725.0,135.0,277.8,1242429.0,11453647.0,30.0,0,0,0,0,0,0,1,-0.18
2025-09-23 00:00:00,325.8,9526612.0,11900868.0,135.0,277.5,1139965.0,11461720.0,27.0,0,1,0,0,0,0,0,-0.11
2025-09-23 01:00:00,325.8,9482065.0,11979920.0,135.0,277.7,1141994.0,11474681.0,27.0,0,1,0,0,0,0,0,0.07
2025-09-23 02:00:00,325.8,9304589.0,12014459.0,135.0,277.6,1107818.0,11459314.0,26.0,0,1,0,0,0,0,0,-0.04
2025-09-23 03:00:00,325.6,9299208.0,12047250.0,139.0,277.7,1161240.0,11426156.0,26.0,0,1,0,0,0,0,0,0.04
2025-09-23 04:00:00,325.5,9261725.0,12118713.0,138.0,277.9,1187232.0,11412196.0,28.0,0,1,0,0,0,0,0,0.07
2025-09-23 05:00:00,325.2,9374774.0,12115545.0,141.0,278.0,1224117.0,11411820.0,27.0,0,1,0,0,0,0,0,0.04
2025-09-23 06:00:00,325.1,9381239.0,12137329.0,142.0,278.2,502552.0,11411041.0,15.0,0,1,0,0,0,0,0,0.07
2025-09-23 07:00:00,325.4,9306089.0,12192435.0,139.0,278.3,549129.0,11413596.0,16.0,0,1,0,0,0,0,0,0.04
2025-09-23 08:00:00,320.6,9315076.0,12190374.0,141.0,278.5,599139.0,11399843.0,18.0,0,1,0,0,0,0,0,0.07
2025-09-23 09:00:00,320.2,9382039.0,12189154.0,145.0,278.8,643133.0,11433565.0,20.0,0,1,0,0,0,0,0,0.11
2025-09-23 10:00:00,319.8,9491292.0,12186905.0,149.0,278.9,695996.0,11441912.0,20.0,0,1,0,0,0,0,0,0.04
2025-09-23 11:00:00,319.3,9522648.0,12177877.0,154.0,279.1,754641.0,11414783.0,22.0,0,1,0,0,0,0,0,0.07
2025-09-23 12:00:00,319.1,9644209.0,12183137.0,156.0,279.4,918756.0,11386223.0,25.0,0,1,0,0,0,0,0,0.11
2025-09-23 13:00:00,319.1,9644369.0,12266275.0,156.0,279.4,877213.0,11399453.0,25.0,0,1,0,0,0,0,0,0.0
2025-09-23 14:00:00,318.6,9722070.0,12222975.0,161.0,279.9,697469.0,11389699.0,21.0,0,1,0,0,0,0,0,0.18
2025-09-23 15:00:00,319.0,9647445.0,11842406.0,157.0,279.4,605290.0,11397659.0,16.0,0,1,0,0,0,0,0,-0.18
2025-09-23 16:00:00,318.6,9749687.0,11791771.0,162.0,278.9,525487.0,11417851.0,14.0,0,1,0,0,0,0,0,-0.18
2025-09-23 17:00:00,318.0,9773925.0,11811291.0,162.0,278.4,473730.0,11416576.0,13.0,0,1,0,0,0,0,0,-0.18
2025-09-23 18:00:00,316.9,9848772.0,11785148.0,170.0,277.9,306621.0,11462408.0,9.0,0,1,0,0,0,0,0,-0.18
2025-09-23 19:00:00,317.6,9815854.0,11828796.0,166.0,277.7,308862.0,11488633.0,9.0,0,1,0,0,0,0,0,-0.07
2025-09-23 20:00:00,318.0,9768653.0,11838019.0,162.0,277.8,280569.0,11469464.0,10.0,0,1,0,0,0,0,0,0.04
2025-09-23 21:00:00,318.3,9787438.0,11920367.0,165.0,278.1,360062.0,11437435.0,13.0,0,1,0,0,0,0,0,0.11
2025-09-23 22:00:00,317.8,9881487.0,11895238.0,170.0,278.0,360275.0,11424045.0,12.0,0,1,0,0,0,0,0,-0.04
2025-09-23 23:00:00,317.3,10101368.0,11839534.0,175.0,280.0,490985.0,11448444.0,14.0,0,1,0,0,0,0,0,0.72
2025-09-24 00:00:00,317.0,10103881.0,11826646.0,178.0,280.1,470440.0,11438806.0,15.0,0,1,0,0,0,0,0,0.04
2025-09-24 01:00:00,316.9,10028037.0,11914041.0,178.0,280.2,440893.0,11455942.0,16.0,0,1,0,0,0,0,0,0.04
2025-09-24 02:00:00,317.6,9956222.0,11985896.0,172.0,280.4,553743.0,11357364.0,19.0,0,1,0,0,0,0,0,0.07
2025-09-24 03:00:00,317.7,9888692.0,12003474.0,171.0,280.5,546434.0,11341254.0,18.0,0,1,0,0,0,0,0,0.04
2025-09-24 04:00:00,318.6,9519980.0,12072710.0,157.0,280.5,521108.0,11342276.0,18.0,0,1,0,0,0,0,0,0.0
2025-09-24 05:00:00,319.9,9318618.0,12060632.0,145.0,280.5,492755.0,11313146.0,18.0,0,1,0,0,0,0,0,0.0
2025-09-24 06:00:00,320.6,9311739.0,12062695.0,143.0,280.5,465335.0,11301611.0,18.0,0,1,0,0,0,0,0,0.0
2025-09-25 04:00:00,324.8,8810053.0,11686366.0,136.0,282.8,473765.0,11206717.0,12.0,0,1,0,0,0,0,0,0.82
2025-09-25 05:00:00,324.8,8800186.0,11675333.0,137.0,282.8,428219.0,11229629.0,12.0,0,1,0,0,0,0,0,0.0
2025-09-25 06:00:00,324.7,8813600.0,11605016.0,139.0,282.8,421729.0,11210651.0,12.0,0,1,0,0,0,0,0,0.0
2025-09-25 07:00:00,325.7,8662992.0,11609048.0,123.0,282.7,393296.0,11214959.0,11.0,0,1,0,0,0,0,0,-0.04
2025-09-25 08:00:00,327.9,8650689.0,11591601.0,121.0,280.4,373219.0,11228462.0,11.0,0,1,0,0,0,0,0,-0.81
2025-09-25 09:00:00,327.8,8640982.0,11551347.0,122.0,280.5,380277.0,11215738.0,12.0,0,1,0,0,0,0,0,0.04
2025-09-25 10:00:00,329.9,7690483.0,11577772.0,109.0,280.7,495760.0,11214706.0,14.0,0,1,0,0,0,0,0,0.07
2025-09-25 11:00:00,329.9,7640073.0,11629472.0,109.0,280.9,570737.0,11202143.0,16.0,0,1,0,0,0,0,0,0.07
2025-09-25 12:00:00,328.7,7823903.0,11579704.0,113.0,281.2,591078.0,11186256.0,18.0,0,1,0,0,0,0,0,0.11
2025-09-25 13:00:00,328.3,7915852.0,11596858.0,117.0,281.4,736123.0,11157420.0,21.0,0,1,0,0,0,0,0,0.07
2025-09-25 14:00:00,328.1,7892695.0,11589225.0,119.0,281.6,765810.0,11139151.0,22.0,0,1,0,0,0,0,0,0.07
2025-09-25 15:00:00,328.0,7928531.0,11577050.0,120.0,281.6,732913.0,11131952.0,22.0,0,1,0,0,0,0,0,0.0
2025-09-25 16:00:00,328.4,7940961.0,11652700.0,117.0,281.4,687832.0,11105046.0,20.0,0,1,0,0,0,0,0,-0.07
2025-09-25 17:00:00,328.4,7854097.0,11688317.0,116.0,281.6,709193.0,11062537.0,21.0,0,1,0,0,0,0,0,0.07
2025-09-25 18:00:00,327.9,7979096.0,11722581.0,121.0,281.9,803904.0,11079465.0,24.0,0,1,0,0,0,0,0,0.11
2025-09-25 19:00:00,327.9,8002454.0,11715904.0,121.0,281.8,731890.0,11122377.0,23.0,0,1,0,0,0,0,0,-0.04
2025-09-25 20:00:00,327.6,8027323.0,11676525.0,124.0,281.6,696873.0,11030299.0,21.0,0,1,0,0,0,0,0,-0.07
2025-09-25 21:00:00,328.2,7888493.0,11671058.0,118.0,281.6,439069.0,11027688.0,14.0,0,1,0,0,0,0,0,0.0
2025-09-25 22:00:00,328.2,7909847.0,11672917.0,118.0,284.1,539768.0,10995388.0,17.0,0,1,0,0,0,0,0,0.89
2025-09-25 23:00:00,327.9,7992354.0,11507253.0,121.0,284.2,563521.0,10976118.0,18.0,0,1,0,0,0,0,0,0.04
2025-09-26 00:00:00,323.3,7936524.0,11490112.0,125.0,284.4,642367.0,10976797.0,21.0,0,1,0,0,0,0,0,0.07
2025-09-26 01:00:00,328.0,7929979.0,11539456.0,120.0,284.4,607792.0,10950287.0,20.0,0,1,0,0,0,0,0,0.0
2025-09-26 02:00:00,327.7,7919879.0,11562787.0,123.0,284.6,578001.0,10951356.0,21.0,0,1,0,0,0,0,0,0.07
2025-09-26 03:00:00,327.4,8005690.0,11566471.0,124.0,284.8,647902.0,10910928.0,20.0,0,1,0,0,0,0,0,0.07
2025-09-26 04:00:00,327.4,7989918.0,11575935.0,124.0,287.1,599944.0,10939907.0,22.0,0,1,0,0,0,0,0,0.81
2025-09-26 05:00:00,327.7,7918989.0,11647545.0,121.0,285.0,606776.0,10942262.0,21.0,0,1,0,0,0,0,0,-0.73
2025-09-26 06:00:00,326.9,7981714.0,11632578.0,125.0,284.9,608920.0,10930335.0,20.0,0,1,0,0,0,0,0,-0.04
2025-09-26 07:00:00,327.5,7917002.0,11741528.0,123.0,285.0,653036.0,10895901.0,21.0,0,1,0,0,0,0,0,0.04
2025-09-26 08:00:00,322.9,7986890.0,11727503.0,128.0,285.2,647411.0,10879691.0,22.0,0,1,0,0,0,0,0,0.07
2025-09-26 09:00:00,323.0,7979469.0,11753477.0,127.0,285.1,618343.0,10880412.0,21.0,0,1,0,0,0,0,0,-0.04
2025-09-26 10:00:00,328.2,7897224.0,11844949.0,118.0,286.4,587019.0,10941400.0,21.0,0,1,0,0,0,0,0,0.46
2025-09-26 11:00:00,328.1,7917940.0,11827012.0,119.0,284.3,551896.0,10925555.0,18.0,0,1,0,0,0,0,0,-0.73
2025-09-26 12:00:00,327.6,8144480.0,11768257.0,124.0,284.2,556767.0,10954342.0,16.0,0,1,0,0,0,0,0,-0.04
2025-09-26 13:00:00,327.4,8198365.0,11624264.0,126.0,284.2,530835.0,10954239.0,16.0,0,1,0,0,0,0,0,0.0
2025-09-26 14:00:00,327.0,8219006.0,11568363.0,126.0,284.5,540254.0,10945424.0,18.0,0,1,0,0,0,0,0,0.11
2025-09-26 15:00:00,315.4,8217034.0,11553669.0,130.0,284.5,474810.0,10904619.0,18.0,0,1,0,0,0,0,0,0.0
2025-09-26 16:00:00,327.7,8083565.0,11592678.0,123.0,284.6,552003.0,10898820.0,19.0,0,1,0,0,0,0,0,0.04
2025-09-26 17:00:00,322.1,8174300.0,11631287.0,135.0,285.0,694101.0,10919498.0,23.0,0,1,0,0,0,0,0,0.14
2025-09-26 18:00:00,321.6,8263760.0,11559248.0,140.0,285.2,782852.0,10890414.0,25.0,0,1,0,0,0,0,0,0.07
2025-09-26 19:00:00,321.6,8221101.0,11545581.0,140.0,285.2,750965.0,10818418.0,25.0,0,1,0,0,0,0,0,0.0
2025-09-26 20:00:00,322.0,8131430.0,11608939.0,130.0,287.0,696924.0,10714415.0,25.0,0,1,0,0,0,0,0,0.63
2025-09-26 21:00:00,321.5,8259546.0,11629359.0,133.0,285.5,819149.0,10705815.0,26.0,0,1,0,0,0,0,0,-0.52
2025-09-26 22:00:00,321.6,8135821.0,11701856.0,132.0,285.3,625342.0,10585798.0,19.0,0,1,0,0,0,0,0,-0.07
2025-09-26 23:00:00,321.2,8173769.0,11677365.0,136.0,285.4,628626.0,10547335.0,20.0,0,1,0,0,0,0,0,0.04
2025-09-27 00:00:00,321.3,8344650.0,11683855.0,135.0,285.4,537418.0,10539968.0,18.0,0,1,0,0,0,0,0,0.0
2025-09-27 01:00:00,321.1,8323916.0,11699655.0,137.0,285.1,508265.0,10515114.0,16.0,0,1,0,0,0,0,0,-0.11
2025-09-27 02:00:00,317.1,8354584.0,11683428.0,144.0,285.2,631968.0,10494361.0,18.0,0,1,0,0,0,0,0,0.04
2025-09-27 03:00:00,317.3,8326844.0,11672905.0,141.0,285.2,635414.0,10471690.0,18.0,0,1,0,0,0,0,0,0.0
2025-09-27 04:00:00,321.0,8320457.0,11668890.0,138.0,285.4,717860.0,10417475.0,20.0,0,1,0,0,0,0,0,0.07
2025-09-27 05:00:00,321.3,8276976.0,11592232.0,135.0,285.4,686891.0,10408096.0,20.0,0,1,0,0,0,0,0,0.0
2025-09-27 06:00:00,321.1,8311089.0,11603087.0,137.0,285.4,584310.0,10388687.0,16.0,0,1,0,0,0,0,0,0.0
2025-09-27 07:00:00,321.2,8282760.0,11636164.0,137.0,285.4,523278.0,10405895.0,16.0,0,1,0,0,0,0,0,0.0
2025-09-27 08:00:00,320.8,8375747.0,11627364.0,140.0,285.5,610689.0,10374163.0,17.0,0,1,0,0,0,0,0,0.04
2025-09-27 09:00:00,316.9,8491800.0,11626262.0,145.0,285.4,559361.0,10381707.0,16.0,0,1,0,0,0,0,0,-0.04
2025-09-27 10:00:00,320.5,8461831.0,11710948.0,143.0,285.6,555326.0,10341256.0,18.0,0,1,0,0,0,0,0,0.07
2025-09-27 11:00:00,320.6,8466638.0,11663483.0,142.0,285.8,566058.0,10308248.0,19.0,0,1,0,0,0,0,0,0.07
2025-09-27 12:00:00,319.8,8667608.0,11644424.0,150.0,286.1,719937.0,10320247.0,21.0,0,1,0,0,0,0,0,0.1
2025-09-27 13:00:00,319.7,8639825.0,11794773.0,151.0,286.2,655874.0,10351303.0,21.0,0,1,0,0,0,0,0,0.03
2025-09-27 14:00:00,319.4,8712074.0,11840753.0,154.0,286.4,595552.0,10381550.0,21.0,0,1,0,0,0,0,0,0.07
2025-09-27 15:00:00,318.9,8733112.0,11897570.0,159.0,286.1,573955.0,10398939.0,18.0,0,1,0,0,0,0,0,-0.1
2025-09-27 16:00:00,319.5,8654121.0,11893329.0,151.0,286.3,642882.0,10374275.0,18.0,0,1,0,0,0,0,0,0.07
2025-09-27 17:00:00,319.7,8621693.0,11883957.0,151.0,286.3,507687.0,10358290.0,16.0,0,1,0,0,0,0,0,0.0
2025-09-27 18:00:00,319.5,8629525.0,11830747.0,153.0,286.3,481345.0,10281987.0,16.0,0,1,0,0,0,0,0,0.0
2025-09-27 19:00:00,319.5,8605715.0,11880889.0,152.0,286.5,520694.0,10279081.0,20.0,0,1,0,0,0,0,0,0.07
2025-09-27 20:00:00,318.9,8679583.0,11786088.0,152.0,286.4,450628.0,10280768.0,17.0,0,1,0,0,0,0,0,-0.03
2025-09-27 21:00:00,318.7,8670675.0,11764308.0,154.0,286.1,441051.0,10208573.0,14.0,0,1,0,0,0,0,0,-0.1
2025-09-27 22:00:00,318.3,8750440.0,11700998.0,158.0,286.0,374755.0,10208133.0,13.0,0,1,0,0,0,0,0,-0.03
2025-09-27 23:00:00,314.3,8752965.0,11552303.0,158.0,285.2,314986.0,10205990.0,11.0,0,1,0,0,0,0,0,-0.28
2025-09-28 00:00:00,318.5,8656183.0,11613102.0,155.0,284.2,327025.0,10169546.0,10.0,0,1,0,0,0,0,0,-0.35
2025-09-28 01:00:00,310.0,8677995.0,11564506.0,159.0,284.3,354092.0,10116732.0,11.0,0,1,0,0,0,0,0,0.04
2025-09-28 02:00:00,309.7,8746299.0,11497987.0,162.0,284.5,428499.0,10112029.0,12.0,0,1,0,0,0,0,0,0.07
2025-09-28 03:00:00,304.0,8918206.0,11422307.0,176.0,285.1,657720.0,10099516.0,17.0,0,1,0,0,0,0,0,0.21
2025-09-28 04:00:00,306.5,9037726.0,11354945.0,174.0,285.3,510720.0,10012995.0,16.0,0,0,1,0,0,0,0,0.07
2025-09-28 05:00:00,306.8,8857204.0,10888488.0,168.0,285.5,543943.0,10006223.0,17.0,0,0,1,0,0,0,0,0.07
2025-09-28 06:00:00,309.9,8640563.0,10939194.0,157.0,285.1,444969.0,9943827.0,13.0,0,0,1,0,0,0,0,-0.14
2025-09-28 07:00:00,309.9,8691172.0,10813080.0,157.0,285.2,470460.0,9916164.0,14.0,0,0,1,0,0,0,0,0.04
2025-09-28 08:00:00,309.5,8697293.0,10696429.0,161.0,285.2,438649.0,9904469.0,14.0,0,0,1,0,0,0,0,0.0
2025-09-28 09:00:00,309.3,8771684.0,10634020.0,163.0,285.0,472240.0,9862666.0,14.0,0,0,1,0,0,0,0,-0.07
2025-09-28 10:00:00,309.2,8761818.0,10549870.0,165.0,286.6,720370.0,9836798.0,19.0,0,0,1,0,0,0,0,0.56
2025-09-28 11:00:00,309.2,8803271.0,10579262.0,165.0,286.7,749866.0,9797634.0,20.0,0,0,1,0,0,0,0,0.03
2025-09-28 12:00:00,309.6,8742631.0,10591165.0,161.0,286.8,725074.0,9814081.0,21.0,0,0,1,0,0,0,0,0.03
2025-09-28 13:00:00,309.8,8774805.0,10565868.0,154.0,287.0,917876.0,9762306.0,20.0,0,0,1,0,0,0,0,0.07
2025-09-28 14:00:00,309.5,8823173.0,10514709.0,157.0,286.9,838097.0,9760885.0,19.0,0,0,1,0,0,0,0,-0.03
2025-09-28 15:00:00,319.0,44734.0,10613137.0,8.0,286.5,615125.0,9865477.0,15.0,0,0,1,0,0,0,0,-0.14
2025-09-28 16:00:00,318.5,89835.0,10530892.0,13.0,286.7,655633.0,9882419.0,17.0,0,0,1,0,0,0,0,0.07
2025-09-28 17:00:00,317.8,128084.0,10517995.0,20.0,286.5,569422.0,9814818.0,15.0,0,0,1,0,0,0,0,-0.07
2025-09-28 18:00:00,316.7,251813.0,10394530.0,23.0,286.6,660021.0,9798189.0,16.0,0,0,1,0,0,0,0,0.03
2025-09-28 19:00:00,317.5,164176.0,10371883.0,24.0,286.5,578332.0,9814969.0,15.0,0,0,1,0,0,0,0,-0.03
2025-09-28 20:00:00,316.2,337001.0,10293105.0,29.0,286.9,664454.0,9817407.0,17.0,0,0,1,0,0,0,0,0.14
2025-09-28 21:00:00,316.2,317689.0,10261671.0,29.0,287.1,718584.0,9769697.0,19.0,0,0,1,0,0,0,0,0.07
2025-09-28 22:00:00,316.2,299679.0,10168390.0,29.0,287.2,726108.0,9747615.0,20.0,0,0,1,0,0,0,0,0.03
2025-09-28 23:00:00,316.3,226956.0,10186638.0,28.0,287.4,717622.0,9727687.0,19.0,0,0,1,0,0,0,0,0.07
2025-09-29 00:00:00,317.0,173744.0,10096519.0,25.0,287.5,745608.0,9704038.0,20.0,0,0,1,0,0,0,0,0.03
2025-09-29 01:00:00,2500.0,372.0,10166157.0,1.0,288.0,887046.0,9710339.0,25.0,0,0,1,0,0,0,0,0.17
2025-09-29 02:00:00,1738.8,351537.0,10055463.0,51.0,292.9,1831748.0,9658185.0,72.0,0,0,1,0,0,0,0,1.7
2025-09-29 03:00:00,882.6,572038.0,9937887.0,88.0,352.6,2258185.0,9658805.0,85.0,0,0,1,0,0,0,0,20.38
2025-09-29 04:00:00,881.0,615914.0,9911187.0,103.0,352.7,1955877.0,9639897.0,80.0,0,0,1,0,0,0,0,0.03
2025-09-29 05:00:00,878.0,915582.0,9907397.0,139.0,379.0,2143355.0,9651539.0,83.0,0,0,1,0,0,0,0,7.46
2025-09-29 06:00:00,876.6,1202949.0,9882648.0,163.0,380.2,2561945.0,9641129.0,95.0,0,0,1,0,0,0,0,0.32
2025-09-29 07:00:00,875.7,1286976.0,9828624.0,172.0,381.3,3136240.0,9643625.0,106.0,0,0,1,0,0,0,0,0.29
2025-09-29 19:00:00,531.9,8592396.0,9537841.0,339.0,384.8,1430605.0,9447836.0,41.0,0,0,1,0,0,0,0,0.92
2025-09-29 20:00:00,530.1,13319873.0,9425476.0,360.0,386.0,1558880.0,9445314.0,43.0,0,0,1,0,0,0,0,0.31
2025-09-29 21:00:00,529.0,18919528.0,9295740.0,371.0,386.3,1181587.0,9405052.0,39.0,0,0,1,0,0,0,0,0.08
2025-09-29 22:00:00,527.5,20967282.0,9169951.0,387.0,386.5,1192918.0,9353746.0,42.0,0,0,1,0,0,0,0,0.05
2025-09-29 23:00:00,519.0,21197580.0,9056472.0,396.0,393.8,1261978.0,9317770.0,42.0,0,0,1,0,0,0,0,1.89
2025-09-30 00:00:00,526.0,21315353.0,9073237.0,404.0,393.8,1119164.0,9282386.0,39.0,0,0,1,0,0,0,0,0.0
2025-09-30 01:00:00,504.1,21714159.0,8981472.0,418.0,394.0,1231272.0,9257866.0,40.0,0,0,1,0,0,0,0,0.05
2025-09-30 02:00:00,492.8,21977024.0,8807997.0,423.0,394.2,1289487.0,9259067.0,39.0,0,0,1,0,0,0,0,0.05
2025-09-30 03:00:00,491.9,22285287.0,8788185.0,432.0,394.3,1319274.0,9246258.0,40.0,0,0,1,0,0,0,0,0.03
2025-09-30 04:00:00,481.5,22525528.0,8764929.0,441.0,394.5,1369277.0,9276353.0,42.0,0,0,1,0,0,0,0,0.05
2025-09-30 05:00:00,480.6,22557083.0,8747329.0,450.0,394.6,1352967.0,9286081.0,42.0,0,0,1,0,0,0,0,0.03
2025-09-30 06:00:00,399.7,22546208.0,8785255.0,447.0,394.3,1304365.0,9311482.0,40.0,0,0,1,0,0,0,0,-0.08
2025-09-30 07:00:00,399.3,22570463.0,8707624.0,451.0,394.3,1284253.0,9301746.0,40.0,0,0,1,0,0,0,0,0.0
2025-09-30 08:00:00,399.7,22537509.0,8709288.0,445.0,394.2,1290197.0,9305811.0,39.0,0,0,1,0,0,0,0,-0.03
2025-09-30 09:00:00,492.6,22001664.0,8710687.0,424.0,394.3,1339959.0,9251021.0,40.0,0,0,1,0,0,0,0,0.03
2025-09-30 10:00:00,491.3,22314356.0,8706687.0,436.0,394.4,1346128.0,9227816.0,41.0,0,0,1,0,0,0,0,0.03
2025-09-30 11:00:00,490.8,22536143.0,8715140.0,443.0,394.3,1288032.0,9267029.0,40.0,0,0,1,0,0,0,0,-0.03
2025-09-30 12:00:00,490.4,22557855.0,8738377.0,445.0,394.4,940572.0,9267329.0,32.0,0,0,1,0,0,0,0,0.03
2025-09-30 13:00:00,490.2,22553159.0,8700915.0,447.0,394.4,957507.0,9301063.0,32.0,0,0,1,0,0,0,0,0.0
2025-09-30 14:00:00,490.7,22535787.0,8667765.0,445.0,394.2,873930.0,9338675.0,30.0,0,0,1,0,0,0,0,-0.05
2025-09-30 15:00:00,480.7,22646046.0,8612834.0,451.0,394.3,959952.0,9306766.0,31.0,0,0,1,0,0,0,0,0.03
2025-09-30 16:00:00,480.2,22664404.0,8611023.0,456.0,394.3,914916.0,9280801.0,31.0,0,0,1,0,0,0,0,0.0
2025-09-30 17:00:00,471.1,24701581.0,8587669.0,462.0,394.3,911888.0,9254504.0,28.0,0,0,1,0,0,0,0,0.0
2025-09-30 18:00:00,470.7,24706922.0,8596930.0,466.0,394.2,846211.0,9207710.0,27.0,0,0,1,0,0,0,0,-0.03
2025-09-30 19:00:00,469.9,26612187.0,8521310.0,477.0,385.6,569597.0,9406466.0,17.0,0,0,1,0,0,0,0,-2.18
2025-09-30 20:00:00,460.5,26700206.0,8483762.0,487.0,383.7,565227.0,9435637.0,16.0,0,0,1,0,0,0,0,-0.49
2025-09-30 21:00:00,452.3,30330034.0,8387631.0,492.0,382.6,425463.0,9456532.0,13.0,0,0,1,0,0,0,0,-0.29
2025-09-30 22:00:00,459.6,30544969.0,8409055.0,497.0,382.8,491550.0,9424192.0,15.0,0,0,1,0,0,0,0,0.05
2025-09-30 23:00:00,457.6,32674111.0,8415653.0,509.0,382.8,519099.0,9376845.0,15.0,0,0,1,0,0,0,0,0.0
2025-10-01 00:00:00,457.2,32740320.0,8419753.0,515.0,382.8,491175.0,9365183.0,15.0,0,0,1,0,0,0,0,0.0
2025-10-01 01:00:00,456.0,32849355.0,8355898.0,517.0,382.8,583604.0,9354401.0,16.0,0,0,1,0,0,0,0,0.0
2025-10-01 02:00:00,455.9,32838283.0,8251264.0,519.0,382.8,532795.0,9370023.0,15.0,0,0,1,0,0,0,0,0.0
2025-10-01 03:00:00,455.3,33142830.0,8193592.0,525.0,383.0,496718.0,9379342.0,17.0,0,0,1,0,0,0,0,0.05
2025-10-01 04:00:00,454.8,4122524.0,8138983.0,90.0,382.9,427842.0,9399948.0,13.0,0,0,1,0,0,0,0,-0.03
2025-10-01 05:00:00,453.8,6013410.0,8114004.0,98.0,383.1,496295.0,9394255.0,15.0,0,0,1,0,0,0,0,0.05
2025-10-01 06:00:00,453.7,6046334.0,8147004.0,99.0,383.1,471142.0,9381794.0,15.0,0,0,1,0,0,0,0,0.0
2025-10-01 07:00:00,399.8,6244320.0,8155716.0,105.0,382.9,385510.0,9455131.0,13.0,0,0,1,0,0,0,0,-0.05
2025-10-01 08:00:00,399.8,6238520.0,8125609.0,105.0,382.9,375277.0,9439021.0,13.0,0,0,1,0,0,0,0,0.0
2025-10-01 09:00:00,399.7,6137605.0,8023553.0,100.0,382.9,419063.0,9423874.0,13.0,0,0,1,0,0,0,0,0.0
2025-10-01 10:00:00,399.1,6176157.0,8007845.0,107.0,382.9,385927.0,9439959.0,13.0,0,0,1,0,0,0,0,0.0
2025-10-01 11:00:00,399.0,6522543.0,7955907.0,107.0,382.7,278628.0,9407751.0,10.0,0,0,1,0,0,0,0,-0.05
2025-10-01 12:00:00,398.6,6648405.0,7866206.0,111.0,382.7,252608.0,9416388.0,10.0,0,0,1,0,0,0,0,0.0
2025-10-01 13:00:00,398.0,6718822.0,7852909.0,116.0,382.8,298805.0,9394913.0,11.0,0,0,1,0,0,0,0,0.03
2025-10-01 14:00:00,398.3,7026249.0,7834971.0,114.0,382.8,182583.0,9407751.0,10.0,0,0,1,0,0,0,0,0.0
2025-10-01 15:00:00,398.0,7090630.0,7798671.0,117.0,289.1,157821.0,9375558.0,7.0,0,0,1,0,0,0,0,-24.48
2025-10-01 16:00:00,397.9,7052722.0,7833339.0,118.0,289.3,210813.0,9332165.0,9.0,0,0,1,0,0,0,0,0.07
2025-10-01 17:00:00,397.7,7310635.0,7764720.0,120.0,289.7,323805.0,9304835.0,10.0,0,0,1,0,0,0,0,0.14
2025-10-01 18:00:00,397.7,7272330.0,7666171.0,120.0,290.0,469091.0,9290126.0,13.0,0,0,1,0,0,0,0,0.1
2025-10-01 19:00:00,397.7,7221883.0,7680992.0,120.0,290.2,536437.0,9374911.0,14.0,0,0,1,0,0,0,0,0.07
2025-10-01 20:00:00,397.5,9083303.0,7729924.0,122.0,290.1,483868.0,9341697.0,12.0,0,0,1,0,0,0,0,-0.03
2025-10-01 21:00:00,376.7,9110951.0,7802544.0,130.0,290.4,933543.0,9327291.0,19.0,0,0,1,0,0,0,0,0.1
2025-10-01 22:00:00,376.1,9312671.0,7749198.0,137.0,290.6,1000640.0,9307858.0,21.0,0,0,1,0,0,0,0,0.07
2025-10-01 23:00:00,375.8,9262654.0,7784615.0,139.0,290.9,1153510.0,9303664.0,24.0,0,0,1,0,0,0,0,0.1
2025-10-02 00:00:00,374.8,9672998.0,7764146.0,150.0,291.5,1676005.0,9294713.0,32.0,0,0,1,0,0,0,0,0.21
2025-10-02 01:00:00,374.1,10288225.0,7731896.0,159.0,291.8,1809494.0,9282087.0,35.0,0,0,1,0,0,0,0,0.1
2025-10-02 02:00:00,358.0,10619340.0,7704368.0,167.0,292.2,1925017.0,9297945.0,38.0,0,0,1,0,0,0,0,0.14
2025-10-02 03:00:00,365.6,10384399.0,7854356.0,164.0,292.3,1942516.0,9280118.0,38.0,0,0,1,0,0,0,0,0.03
2025-10-02 04:00:00,373.9,10289959.0,7938175.0,161.0,292.4,1822240.0,9316731.0,37.0,0,0,1,0,0,0,0,0.03
2025-10-02 05:00:00,373.5,10283501.0,8033001.0,164.0,292.5,1835428.0,9294246.0,37.0,0,0,1,0,0,0,0,0.03
2025-10-02 06:00:00,373.1,10384483.0,8027476.0,168.0,292.7,1170910.0,9288211.0,26.0,0,0,1,0,0,0,0,0.07
2025-10-02 07:00:00,372.7,10419729.0,7968344.0,173.0,292.7,1643246.0,9298924.0,32.0,0,0,1,0,0,0,0,0.0
2025-10-02 08:00:00,372.2,10528032.0,7957435.0,179.0,292.9,1681731.0,9291733.0,34.0,0,0,1,0,0,0,0,0.07
2025-10-02 09:00:00,371.6,10550023.0,7954643.0,185.0,293.0,1696014.0,9273132.0,35.0,0,0,1,0,0,0,0,0.03
2025-10-02 10:00:00,371.3,10705933.0,7938268.0,189.0,293.6,1953045.0,9302666.0,39.0,0,0,1,0,0,0,0,0.2
2025-10-02 11:00:00,371.0,10827362.0,7931168.0,192.0,293.9,2021597.0,9319022.0,41.0,0,0,1,0,0,0,0,0.1
2025-10-02 12:00:00,370.6,10821989.0,7905408.0,196.0,293.9,1969363.0,9338721.0,41.0,0,0,1,0,0,0,0,0.0
2025-10-02 13:00:00,370.3,10867496.0,7887428.0,199.0,293.8,1979039.0,9356727.0,40.0,0,0,1,0,0,0,0,-0.03
2025-10-02 14:00:00,370.2,10908795.0,7916192.0,200.0,294.2,1723348.0,9339410.0,35.0,0,0,1,0,0,0,0,0.14
2025-10-02 15:00:00,369.3,10948623.0,7909860.0,209.0,294.5,1907850.0,9335464.0,38.0,0,0,1,0,0,0,0,0.1
2025-10-02 16:00:00,368.7,11282188.0,7836981.0,215.0,294.7,1799549.0,9350838.0,35.0,0,0,1,0,0,0,0,0.07
2025-10-02 17:00:00,368.6,13032611.0,7835855.0,216.0,294.8,1539075.0,9320741.0,30.0,0,0,1,0,0,0,0,0.03
2025-10-02 18:00:00,367.9,13220388.0,7813947.0,223.0,294.8,1493734.0,9306449.0,30.0,0,0,1,0,0,0,0,0.0
2025-10-02 19:00:00,367.6,14973179.0,7798964.0,226.0,294.6,1450680.0,9272471.0,28.0,0,0,1,0,0,0,0,-0.07
2025-10-02 20:00:00,367.7,14836848.0,7925934.0,225.0,294.7,1438354.0,9229878.0,29.0,0,0,1,0,0,0,0,0.03
2025-10-02 21:00:00,367.4,14867054.0,7894410.0,228.0,294.8,1476040.0,9213347.0,30.0,0,0,1,0,0,0,0,0.03
2025-10-02 22:00:00,366.7,16538032.0,7900150.0,236.0,295.2,1651211.0,9215223.0,33.0,0,0,1,0,0,0,0,0.14
2025-10-02 23:00:00,359.3,16591465.0,7892331.0,239.0,295.2,1625035.0,9198729.0,33.0,0,0,1,0,0,0,0,0.0
2025-10-03 00:00:00,359.0,16718056.0,7835888.0,242.0,295.2,1395438.0,9182835.0,29.0,0,0,1,0,0,0,0,0.0
2025-10-03 01:00:00,358.3,18367422.0,7824666.0,249.0,295.3,1446917.0,9195511.0,30.0,0,0,1,0,0,0,0,0.03
2025-10-03 02:00:00,351.2,18798800.0,7712250.0,260.0,295.4,1063405.0,9223505.0,23.0,0,0,1,0,0,0,0,0.03
2025-10-03 03:00:00,345.1,18911570.0,7711888.0,266.0,295.4,1030167.0,9224497.0,23.0,0,0,1,0,0,0,0,0.0
2025-10-03 04:00:00,339.5,19064729.0,7731888.0,273.0,295.7,1333894.0,9211626.0,28.0,0,0,1,0,0,0,0,0.1
2025-10-03 05:00:00,339.0,19223479.0,7669540.0,278.0,295.7,1323860.0,9191572.0,28.0,0,0,1,0,0,0,0,0.0
2025-10-03 06:00:00,338.7,19318865.0,7680398.0,281.0,295.7,1300174.0,9197883.0,28.0,0,0,1,0,0,0,0,0.0
2025-10-03 07:00:00,338.3,19359781.0,7666542.0,284.0,296.0,1363020.0,9186944.0,31.0,0,0,1,0,0,0,0,0.1
2025-10-03 08:00:00,338.2,19387215.0,7675852.0,285.0,296.1,1393383.0,9199832.0,32.0,1,0,0,0,0,0,0,0.03
2025-10-03 09:00:00,337.6,19511314.0,7662549.0,291.0,296.3,1437762.0,9196817.0,34.0,1,0,0,0,0,0,0,0.07
2025-10-03 10:00:00,337.2,19562998.0,7668779.0,296.0,296.4,1383110.0,9161379.0,32.0,1,0,0,0,0,0,0,0.03
2025-10-03 11:00:00,332.7,19676491.0,7674937.0,301.0,296.5,1374189.0,9160279.0,31.0,1,0,0,0,0,0,0,0.03
2025-10-03 12:00:00,332.3,19704661.0,7727314.0,305.0,296.5,1340138.0,9136167.0,31.0,1,0,0,0,0,0,0,0.0
2025-10-03 13:00:00,331.9,20028876.0,7777672.0,309.0,296.1,1265674.0,9157608.0,29.0,1,0,0,0,0,0,0,-0.13
2025-10-03 14:00:00,331.5,20039846.0,7830451.0,313.0,296.2,1295432.0,9148129.0,29.0,1,0,0,0,0,0,0,0.03
2025-10-03 15:00:00,327.1,20236943.0,7874646.0,324.0,296.4,1352713.0,9124854.0,31.0,1,0,0,0,0,0,0,0.07
2025-10-03 16:00:00,326.4,20492485.0,7794577.0,331.0,296.5,1336261.0,9097529.0,31.0,1,0,0,0,0,0,0,0.03
2025-10-03 17:00:00,323.3,20605586.0,7782046.0,334.0,296.4,1304476.0,9082847.0,30.0,1,0,0,0,0,0,0,-0.03
2025-10-03 18:00:00,321.9,20619597.0,7791205.0,344.0,296.1,1261657.0,9086467.0,28.0,1,0,0,0,0,0,0,-0.1
2025-10-03 19:00:00,318.7,20672019.0,7775179.0,350.0,295.7,533994.0,9072918.0,12.0,1,0,0,0,0,0,0,-0.14
2025-10-03 20:00:00,321.8,20635484.0,7724159.0,342.0,295.8,576471.0,9048393.0,13.0,1,0,0,0,0,0,0,0.03
2025-10-03 21:00:00,320.8,20850370.0,7713835.0,353.0,296.0,615573.0,9119620.0,13.0,1,0,0,0,0,0,0,0.07
2025-10-03 22:00:00,318.1,20958102.0,7623713.0,356.0,295.9,484958.0,9135680.0,11.0,1,0,0,0,0,0,0,-0.03
2025-10-04 23:00:00,386.3,3273888.0,8501921.0,38.0,263.9,2864730.0,9082899.0,53.0,1,0,0,0,0,0,0,-10.81
2025-10-05 03:00:00,397.8,3850616.0,8455460.0,49.0,265.1,3291465.0,9068060.0,62.0,1,0,0,0,0,0,0,0.45
2025-10-05 04:00:00,397.8,3850131.0,8421692.0,49.0,265.0,3259003.0,9034859.0,60.0,1,0,0,0,0,0,0,-0.04
2025-10-05 05:00:00,397.1,4793091.0,8375507.0,58.0,265.2,3377794.0,9031503.0,62.0,1,0,0,0,0,0,0,0.08
2025-10-05 06:00:00,396.5,4871995.0,8347438.0,64.0,265.3,3322861.0,9028140.0,63.0,1,0,0,0,0,0,0,0.04
2025-10-05 07:00:00,395.8,4961107.0,8339978.0,72.0,265.8,3493293.0,8987173.0,68.0,1,0,0,0,0,0,0,0.19
2025-10-05 08:00:00,381.7,5123839.0,8374660.0,85.0,266.3,3761921.0,9021183.0,73.0,1,0,0,0,0,0,0,0.19
2025-10-05 09:00:00,381.6,5186034.0,8392741.0,89.0,266.5,3804848.0,9049339.0,74.0,1,0,0,0,0,0,0,0.08
2025-10-05 10:00:00,381.1,5250919.0,8467876.0,93.0,266.7,3868785.0,9063423.0,76.0,1,0,0,0,0,0,0,0.08
2025-10-05 11:00:00,381.4,5235051.0,8371206.0,90.0,266.6,3815755.0,9076095.0,75.0,1,0,0,0,0,0,0,-0.04
2025-10-05 12:00:00,381.0,5362644.0,8442749.0,94.0,266.9,3957776.0,9083574.0,77.0,1,0,0,0,0,0,0,0.11
2025-10-05 13:00:00,399.1,5044113.0,8733651.0,46.0,267.9,3757727.0,9068340.0,64.0,1,0,0,0,0,0,0,0.37
2025-10-05 14:00:00,399.4,5122284.0,8802274.0,43.0,268.6,3854509.0,9048377.0,66.0,1,0,0,0,0,0,0,0.26
2025-10-05 15:00:00,399.0,5210398.0,8598339.0,47.0,269.0,4127895.0,8921178.0,72.0,1,0,0,0,0,0,0,0.15
2025-10-05 16:00:00,399.1,6717675.0,8635679.0,47.0,269.3,2358599.0,8881126.0,47.0,1,0,0,0,0,0,0,0.11
2025-10-05 17:00:00,397.1,6819843.0,8641600.0,54.0,269.5,2377855.0,8882787.0,46.0,1,0,0,0,0,0,0,0.07
2025-10-05 18:00:00,397.0,7066106.0,8695329.0,55.0,269.7,2452665.0,8917666.0,47.0,1,0,0,0,0,0,0,0.07
2025-10-05 19:00:00,396.7,7080735.0,8650382.0,59.0,270.2,2625371.0,8898159.0,53.0,1,0,0,0,0,0,0,0.19
2025-10-05 20:00:00,382.1,7442764.0,8639040.0,84.0,272.5,2911920.0,8918724.0,63.0,1,0,0,0,0,0,0,0.85
2025-10-05 21:00:00,381.2,7533973.0,8583749.0,94.0,278.1,3022051.0,8904346.0,66.0,1,0,0,0,0,0,0,2.06
2025-10-05 22:00:00,381.8,7567298.0,8600474.0,88.0,278.4,3102517.0,8888222.0,69.0,1,0,0,0,0,0,0,0.11
2025-10-05 23:00:00,382.1,7275488.0,8825320.0,62.0,278.5,3087852.0,9062804.0,68.0,1,0,0,0,0,0,0,0.04
2025-10-06 00:00:00,381.5,7943731.0,8832648.0,68.0,278.7,3297792.0,9089097.0,66.0,1,0,0,0,0,0,0,0.07
2025-10-06 01:00:00,380.9,8026947.0,8739553.0,74.0,284.2,3422749.0,9089756.0,69.0,1,0,0,0,0,0,0,1.97
2025-10-06 02:00:00,369.9,8065824.0,8797003.0,77.0,279.2,3523735.0,9066200.0,69.0,1,0,0,0,0,0,0,-1.76
2025-10-06 03:00:00,381.1,7987280.0,8921868.0,72.0,290.0,3525038.0,9073346.0,70.0,1,0,0,0,0,0,0,3.87
2025-10-06 04:00:00,374.6,8076340.0,8930368.0,79.0,279.2,3534361.0,9096316.0,71.0,1,0,0,0,0,0,0,-3.72
2025-10-06 05:00:00,371.9,8126923.0,8949163.0,84.0,279.6,3729787.0,9062217.0,75.0,1,0,0,0,0,0,0,0.14
2025-10-06 06:00:00,371.6,8426321.0,8963023.0,87.0,279.8,3650191.0,9071032.0,75.0,1,0,0,0,0,0,0,0.07
2025-10-06 07:00:00,371.5,8475927.0,8972447.0,88.0,279.5,3617034.0,9078916.0,73.0,1,0,0,0,0,0,0,-0.11
2025-10-06 08:00:00,371.3,8476019.0,8917186.0,90.0,279.6,3626812.0,9055022.0,74.0,1,0,0,0,0,0,0,0.04
2025-10-06 09:00:00,371.0,8505800.0,8917666.0,95.0,279.7,3653692.0,9069358.0,75.0,1,0,0,0,0,0,0,0.04
2025-10-06 10:00:00,370.3,8614455.0,8923082.0,103.0,279.6,3676688.0,9076460.0,74.0,1,0,0,0,0,0,0,-0.04
2025-10-06 11:00:00,371.4,8465804.0,8998924.0,90.0,279.9,3831021.0,9073669.0,77.0,1,0,0,0,0,0,0,0.11
2025-10-06 12:00:00,371.5,8425059.0,9037808.0,88.0,280.3,4007838.0,9066827.0,81.0,1,0,0,0,0,0,0,0.14
2025-10-06 13:00:00,371.5,8408033.0,9058089.0,88.0,280.5,3967901.0,9072445.0,79.0,1,0,0,0,0,0,0,0.07
2025-10-06 14:00:00,371.6,8320534.0,9164119.0,87.0,280.7,4001049.0,9019496.0,81.0,1,0,0,0,0,0,0,0.07
2025-10-06 15:00:00,361.8,8655446.0,9161925.0,96.0,280.5,3940636.0,9024709.0,78.0,1,0,0,0,0,0,0,-0.07
2025-10-06 16:00:00,370.8,8671876.0,9262417.0,95.0,280.5,3965316.0,9020057.0,78.0,1,0,0,0,0,0,0,0.0
2025-10-06 17:00:00,370.0,9072763.0,9275417.0,104.0,281.1,4367090.0,9055792.0,85.0,1,0,0,0,0,0,0,0.21
2025-10-06 18:00:00,360.3,9132350.0,9250433.0,115.0,281.0,4273925.0,9087304.0,84.0,1,0,0,0,0,0,0,-0.04
2025-10-06 19:00:00,361.0,9096353.0,9260580.0,105.0,281.2,4359133.0,9076974.0,86.0,1,0,0,0,0,0,0,0.07
2025-10-06 20:00:00,369.8,9089455.0,9287873.0,104.0,281.2,4430269.0,9107840.0,86.0,1,0,0,0,0,0,0,0.0
2025-10-06 21:00:00,369.4,9102680.0,9252659.0,108.0,281.0,4236092.0,9122761.0,83.0,1,0,0,0,0,0,0,-0.07
2025-10-06 22:00:00,369.1,9211479.0,9284046.0,113.0,281.9,4384121.0,9242997.0,88.0,1,0,0,0,0,0,0,0.32
2025-10-06 23:00:00,368.0,9473427.0,9286930.0,127.0,282.4,4463093.0,9249052.0,91.0,1,0,0,0,0,0,0,0.18
2025-10-07 00:00:00,368.1,9369638.0,9365550.0,125.0,282.6,4573961.0,9237328.0,93.0,1,0,0,0,0,0,0,0.07
2025-10-07 01:00:00,367.3,9532694.0,9345263.0,133.0,282.7,4565287.0,9253526.0,94.0,1,0,0,0,0,0,0,0.04
2025-10-07 02:00:00,366.5,9766930.0,9365171.0,143.0,282.8,4632177.0,9270030.0,95.0,1,0,0,0,0,0,0,0.04
2025-10-07 03:00:00,365.9,10115185.0,9389546.0,149.0,283.0,4210686.0,9287071.0,87.0,1,0,0,0,0,0,0,0.07
2025-10-07 04:00:00,358.9,10223518.0,9396834.0,155.0,282.9,4148083.0,9275080.0,85.0,1,0,0,0,0,0,0,-0.04
2025-10-07 05:00:00,358.7,10273770.0,9404564.0,156.0,300.0,4186282.0,9262426.0,85.0,1,0,0,0,0,0,0,6.04
2025-10-07 06:00:00,358.9,10210120.0,9409789.0,154.0,300.3,3997141.0,9248480.0,81.0,1,0,0,0,0,0,0,0.1
2025-10-07 07:00:00,366.2,10012906.0,9566532.0,146.0,300.5,4112372.0,9250309.0,83.0,1,0,0,0,0,0,0,0.07
2025-10-07 08:00:00,366.1,9964512.0,9586686.0,147.0,300.8,4277381.0,9241797.0,86.0,1,0,0,0,0,0,0,0.1
2025-10-07 09:00:00,365.7,10032411.0,9549657.0,150.0,301.0,4373047.0,9240163.0,88.0,1,0,0,0,0,0,0,0.07
2025-10-07 10:00:00,365.7,10081419.0,9596565.0,151.0,301.3,4526558.0,9259235.0,91.0,1,0,0,0,0,0,0,0.1
2025-10-07 11:00:00,359.2,10083740.0,9590165.0,153.0,301.4,4557413.0,9242857.0,92.0,1,0,0,0,0,0,0,0.03
2025-10-07 12:00:00,365.5,10085366.0,9584573.0,153.0,301.6,4579962.0,9263882.0,93.0,1,0,0,0,0,0,0,0.07
2025-10-07 13:00:00,365.5,10089314.0,9572685.0,153.0,301.6,4457324.0,9245918.0,91.0,1,0,0,0,0,0,0,0.0
2025-10-07 14:00:00,365.3,10266156.0,9621605.0,156.0,301.3,4418483.0,9188436.0,90.0,1,0,0,0,0,0,0,-0.1
2025-10-07 15:00:00,365.3,10222279.0,9653027.0,155.0,301.0,3992343.0,9196748.0,79.0,1,0,0,0,0,0,0,-0.1
2025-10-07 16:00:00,365.0,10225524.0,9636954.0,157.0,301.2,3976565.0,9190828.0,79.0,1,0,0,0,0,0,0,0.07
2025-10-07 17:00:00,357.5,10441135.0,9614199.0,172.0,301.4,4005394.0,9195107.0,81.0,1,0,0,0,0,0,0,0.07
2025-10-07 18:00:00,357.2,10463164.0,9661115.0,172.0,301.4,3959865.0,9201671.0,81.0,1,0,0,0,0,0,0,0.0
2025-10-07 19:00:00,346.0,10599064.0,9722593.0,179.0,301.0,4013875.0,9177435.0,79.0,1,0,0,0,0,0,0,-0.13
2025-10-07 20:00:00,346.0,10591292.0,9778357.0,178.0,301.3,4138665.0,8995312.0,82.0,1,0,0,0,0,0,0,0.1
2025-10-07 21:00:00,350.9,10650459.0,9856402.0,179.0,301.5,4241122.0,8976285.0,84.0,1,0,0,0,0,0,0,0.07
2025-10-07 22:00:00,351.0,10620785.0,9853869.0,178.0,302.0,4471264.0,8999899.0,89.0,1,0,0,0,0,0,0,0.17
2025-10-07 23:00:00,356.7,10557198.0,9904223.0,176.0,302.2,4335043.0,9038794.0,88.0,1,0,0,0,0,0,0,0.07
2025-10-08 00:00:00,356.6,10870066.0,9966648.0,177.0,302.4,4296199.0,9079083.0,87.0,1,0,0,0,0,0,0,0.07
2025-10-08 01:00:00,350.4,10938297.0,9994046.0,182.0,305.1,4427358.0,9065044.0,90.0,1,0,0,0,0,0,0,0.89
2025-10-08 02:00:00,349.6,11222743.0,9973146.0,190.0,305.5,4611377.0,9045025.0,94.0,1,0,0,0,0,0,0,0.13
2025-10-08 03:00:00,349.4,11283100.0,9997801.0,193.0,305.7,4263934.0,9025564.0,86.0,1,0,0,0,0,0,0,0.07
2025-10-08 04:00:00,349.0,11340060.0,9991944.0,197.0,305.7,4240734.0,9020398.0,86.0,1,0,0,0,0,0,0,0.0
2025-10-08 05:00:00,349.1,11324289.0,10046047.0,196.0,305.5,4136688.0,9049785.0,84.0,1,0,0,0,0,0,0,-0.07
2025-10-08 06:00:00,349.2,11207861.0,10062147.0,191.0,305.5,4106649.0,9054887.0,84.0,1,0,0,0,0,0,0,0.0
2025-10-08 07:00:00,349.7,11206885.0,10048647.0,189.0,305.4,4069144.0,8998440.0,83.0,1,0,0,0,0,0,0,-0.03
2025-10-08 08:00:00,349.6,11177181.0,10098679.0,191.0,305.7,4396183.0,9011727.0,88.0,1,0,0,0,0,0,0,0.1
2025-10-08 09:00:00,349.1,11271507.0,10098410.0,197.0,305.8,4432473.0,9044001.0,90.0,1,0,0,0,0,0,0,0.03
2025-10-08 10:00:00,348.9,11332250.0,10080318.0,199.0,305.7,4387761.0,9046696.0,88.0,1,0,0,0,0,0,0,-0.03
2025-10-08 11:00:00,348.5,11590666.0,10082318.0,204.0,305.8,4428845.0,9059268.0,89.0,1,0,0,0,0,0,0,0.03
2025-10-08 12:00:00,348.2,11640500.0,10091649.0,207.0,306.1,4552352.0,9068704.0,92.0,0,0,0,0,0,1,0,0.1
2025-10-08 13:00:00,346.4,11952494.0,10087599.0,227.0,306.1,4507494.0,9100871.0,92.0,0,0,0,0,0,1,0,0.0
2025-10-08 14:00:00,356.6,10888956.0,10799588.0,177.0,306.2,4113463.0,9088113.0,83.0,0,0,0,0,0,1,0,0.03
2025-10-08 15:00:00,356.4,11078533.0,10821311.0,180.0,279.6,3498335.0,9729421.0,68.0,0,0,0,0,0,1,0,-8.69
2025-10-08 16:00:00,356.0,11101899.0,10822597.0,183.0,279.9,2421738.0,9742450.0,40.0,0,0,0,0,0,1,0,0.11
2025-10-08 17:00:00,355.1,11277330.0,10836300.0,192.0,280.4,2908756.0,9727908.0,50.0,0,0,0,0,0,1,0,0.18
2025-10-08 18:00:00,353.9,12251472.0,10834000.0,205.0,280.6,2980541.0,9757097.0,52.0,0,0,0,0,0,1,0,0.07
2025-10-08 19:00:00,354.0,12168915.0,10856579.0,204.0,280.6,3024080.0,9700513.0,52.0,0,0,0,0,0,1,0,0.0
2025-10-08 20:00:00,354.0,12118545.0,10837159.0,205.0,280.9,3241627.0,9657651.0,56.0,0,0,0,0,0,1,0,0.11
2025-10-08 21:00:00,353.9,12056616.0,10848685.0,205.0,280.9,2776884.0,9654106.0,47.0,0,0,0,0,0,1,0,0.0
2025-10-08 22:00:00,353.3,12352612.0,10781285.0,215.0,281.3,2901067.0,9662979.0,51.0,0,0,0,0,0,1,0,0.14
2025-10-08 23:00:00,345.7,12370313.0,10732315.0,221.0,281.2,2925125.0,9662648.0,50.0,0,0,0,0,0,1,0,-0.04
2025-10-09 00:00:00,353.5,12597918.0,10789165.0,212.0,281.2,2733781.0,9689098.0,47.0,0,0,0,0,0,1,0,0.0
2025-10-09 01:00:00,353.1,12955664.0,10795330.0,216.0,281.1,2656991.0,9664303.0,45.0,0,0,0,0,0,1,0,-0.04
2025-10-09 02:00:00,352.9,12950487.0,10808343.0,219.0,281.2,2683914.0,9669818.0,46.0,0,0,0,0,0,1,0,0.04
2025-10-09 03:00:00,352.6,13262572.0,10649787.0,222.0,281.3,2721877.0,9669377.0,48.0,0,0,0,0,0,1,0,0.04
2025-10-09 04:00:00,352.6,13256151.0,10454257.0,222.0,281.3,2695229.0,9646980.0,48.0,0,0,0,0,0,1,0,0.0
2025-10-09 05:00:00,352.3,13150316.0,10499664.0,224.0,281.6,2932910.0,9667328.0,50.0,0,0,0,0,0,1,0,0.11
2025-10-10 02:00:00,327.4,15194991.0,10503922.0,298.0,290.2,3250121.0,9681951.0,54.0,0,0,0,0,0,1,0,3.05
2025-10-10 03:00:00,323.3,15401225.0,10500922.0,304.0,290.1,3230593.0,9676578.0,53.0,0,0,0,0,0,1,0,-0.03
2025-10-10 04:00:00,323.0,15662434.0,10516503.0,307.0,290.4,3342283.0,9685111.0,55.0,0,0,0,0,0,1,0,0.1
2025-10-10 05:00:00,322.9,15722416.0,10552939.0,308.0,290.4,3298326.0,9682413.0,54.0,0,0,0,0,0,1,0,0.0
2025-10-10 06:00:00,322.7,15724307.0,10542936.0,310.0,290.3,3265546.0,9690124.0,53.0,0,0,0,0,0,1,0,-0.03
2025-10-10 07:00:00,322.3,15788498.0,10491945.0,315.0,290.3,3183336.0,9692696.0,52.0,0,0,0,0,0,1,0,0.0
2025-10-10 08:00:00,321.9,15800937.0,10454644.0,320.0,290.3,3161537.0,9680694.0,52.0,0,0,0,0,0,1,0,0.0
2025-10-10 09:00:00,321.7,15964921.0,10452440.0,321.0,281.6,3126619.0,9691227.0,51.0,0,0,0,0,0,1,0,-3.0
2025-10-10 10:00:00,321.7,15905073.0,10462226.0,321.0,281.9,3191849.0,9669002.0,54.0,0,0,0,0,0,1,0,0.11
2025-10-10 11:00:00,321.7,15862846.0,10451830.0,321.0,282.1,3248886.0,9655499.0,56.0,0,0,0,0,0,1,0,0.07
2025-10-10 12:00:00,321.4,15868329.0,10376410.0,326.0,282.2,2470704.0,9665512.0,45.0,0,0,0,0,0,1,0,0.04
2025-10-10 13:00:00,322.5,15737735.0,10422442.0,312.0,282.6,2613586.0,9632126.0,49.0,0,0,0,0,0,1,0,0.14
2025-10-10 14:00:00,321.7,15788791.0,10337659.0,317.0,282.7,2714996.0,9620690.0,50.0,0,0,0,0,0,1,0,0.04
2025-10-10 17:00:00,316.3,16352494.0,10249755.0,333.0,283.2,2701754.0,9658302.0,52.0,0,0,0,0,0,1,0,0.18
2025-10-10 18:00:00,316.8,16335307.0,10303292.0,329.0,282.8,2650126.0,9685653.0,50.0,0,0,0,0,0,1,0,-0.14
2025-10-10 19:00:00,316.9,16304151.0,10292718.0,328.0,282.6,2596387.0,9638957.0,49.0,0,0,0,0,0,1,0,-0.07
2025-10-10 20:00:00,321.0,16141765.0,10336078.0,324.0,282.8,2635363.0,9656585.0,51.0,0,0,0,0,0,1,0,0.07
2025-10-10 21:00:00,320.4,16335858.0,10398895.0,330.0,284.7,2787261.0,9598644.0,53.0,0,0,0,0,0,1,0,0.67
2025-10-10 22:00:00,320.5,16240286.0,10548158.0,329.0,282.8,2723596.0,9554172.0,51.0,0,0,0,0,0,1,0,-0.67
2025-10-10 23:00:00,320.7,16180427.0,10635151.0,327.0,282.7,2577838.0,9540986.0,49.0,0,0,0,0,0,1,0,-0.04
2025-10-11 01:00:00,320.2,16526133.0,10851974.0,332.0,283.0,3059702.0,9492152.0,57.0,0,0,0,0,0,1,0,0.11
2025-10-11 02:00:00,316.4,16562177.0,10833400.0,335.0,283.0,3014890.0,9465408.0,56.0,0,0,0,0,0,1,0,0.0
2025-10-11 03:00:00,316.0,16573234.0,10801176.0,339.0,283.0,2963628.0,9483367.0,56.0,0,0,0,0,0,1,0,0.0
2025-10-11 04:00:00,315.7,16761788.0,10775914.0,342.0,283.2,3066619.0,9500731.0,59.0,0,0,0,0,0,1,0,0.07
2025-10-11 05:00:00,315.5,16661017.0,10846734.0,344.0,283.2,3008178.0,9508275.0,58.0,0,0,0,0,0,1,0,0.0
2025-10-11 06:00:00,315.9,16593402.0,10895934.0,340.0,283.1,2948131.0,9546097.0,57.0,0,0,0,0,0,1,0,-0.04
2025-10-11 07:00:00,315.5,16589692.0,10894647.0,346.0,283.0,2907363.0,9554750.0,55.0,0,0,0,0,0,1,0,-0.04
2025-10-11 09:00:00,315.6,16628793.0,10907348.0,339.0,283.1,2887112.0,9546793.0,55.0,0,0,0,0,0,1,0,0.04
2025-10-11 10:00:00,311.6,16684956.0,10829471.0,343.0,283.2,2924615.0,9530212.0,56.0,0,0,0,0,0,1,0,0.04
2025-10-11 11:00:00,314.3,16819900.0,10825724.0,347.0,283.1,2838457.0,9512172.0,55.0,0,0,0,0,0,1,0,-0.04
2025-10-11 12:00:00,314.5,16812033.0,10918449.0,345.0,283.0,2794217.0,9566093.0,54.0,0,0,0,0,0,1,0,-0.04
2025-10-11 13:00:00,314.9,16753964.0,10915221.0,341.0,283.2,2789497.0,9564215.0,55.0,0,0,0,0,0,1,0,0.07
2025-10-11 14:00:00,314.8,16723860.0,10889803.0,342.0,283.2,2759744.0,9558271.0,55.0,0,0,0,0,0,1,0,0.0
2025-10-11 16:00:00,314.6,16842665.0,10939267.0,345.0,283.3,2854780.0,9556294.0,56.0,0,0,0,0,0,1,0,0.04
2025-10-11 17:00:00,314.5,16767772.0,10988902.0,346.0,283.8,1056353.0,9520628.0,30.0,0,0,0,0,0,1,0,0.18
2025-10-11 18:00:00,313.8,17272251.0,10992530.0,352.0,283.4,926710.0,9522431.0,24.0,0,0,0,0,0,1,0,-0.14
2025-10-11 19:00:00,313.9,17197673.0,11024846.0,352.0,283.3,886461.0,9539937.0,23.0,0,0,0,0,0,1,0,-0.04
2025-10-11 20:00:00,313.5,17206574.0,11041680.0,357.0,283.4,948659.0,9544596.0,24.0,0,0,0,0,0,1,0,0.04
2025-10-11 21:00:00,313.3,17236936.0,9947084.0,360.0,283.6,792905.0,9532381.0,21.0,0,0,0,0,0,1,0,0.07
2025-10-11 22:00:00,313.9,16830646.0,10056524.0,347.0,283.6,745048.0,9566177.0,21.0,0,0,0,0,0,1,0,0.0
2025-10-11 23:00:00,313.9,16806899.0,10012749.0,347.0,283.5,712283.0,9586369.0,20.0,0,0,0,0,0,1,0,-0.04
2025-10-12 00:00:00,314.1,16808021.0,10051292.0,350.0,282.4,600814.0,9630947.0,15.0,0,0,0,0,0,1,0,-0.39
2025-10-12 01:00:00,313.8,16866090.0,10000555.0,353.0,285.0,629005.0,9627560.0,16.0,0,0,0,0,0,1,0,0.92
2025-10-12 02:00:00,314.4,16772099.0,10068521.0,346.0,285.0,586536.0,9643476.0,16.0,0,0,0,0,0,1,0,0.0
2025-10-12 03:00:00,309.8,16800478.0,10132067.0,348.0,282.4,611772.0,9653871.0,15.0,0,0,0,0,0,1,0,-0.91
2025-10-12 04:00:00,309.8,16796718.0,10077067.0,348.0,282.4,399872.0,9627133.0,11.0,0,0,0,0,0,1,0,0.0
2025-10-12 05:00:00,314.7,16638517.0,10140557.0,341.0,282.3,369292.0,9646855.0,10.0,0,0,0,0,0,1,0,-0.04
2025-10-12 06:00:00,315.6,16589019.0,10140712.0,339.0,281.5,313468.0,9678015.0,7.0,0,0,0,0,0,1,0,-0.28
2025-10-12 07:00:00,312.0,16587593.0,10136225.0,342.0,281.4,323778.0,9668085.0,7.0,0,0,0,0,0,1,0,-0.04
2025-10-12 08:00:00,322.9,15635741.0,10178150.0,308.0,281.4,241073.0,9654383.0,7.0,0,0,0,0,0,1,0,0.0
2025-10-12 09:00:00,322.2,15739811.0,10154050.0,316.0,281.5,254909.0,9653612.0,7.0,0,0,0,0,0,1,0,0.04
2025-10-12 10:00:00,321.8,15740937.0,10129267.0,314.0,281.6,279295.0,9644571.0,8.0,0,0,0,0,0,1,0,0.04
2025-10-12 11:00:00,322.0,15689449.0,10175615.0,312.0,281.7,312512.0,9636284.0,9.0,0,0,0,0,0,1,0,0.04
2025-10-12 12:00:00,320.7,15753781.0,10125584.0,327.0,282.0,418147.0,9614542.0,11.0,0,0,0,0,0,1,0,0.11
2025-10-12 13:00:00,316.5,15742558.0,10061468.0,325.0,281.9,312024.0,9678683.0,10.0,0,0,0,0,0,1,0,-0.04
2025-10-12 14:00:00,322.4,15830324.0,9732147.0,315.0,281.7,286970.0,9687874.0,9.0,0,0,0,0,0,1,0,-0.07
2025-10-12 15:00:00,322.5,15787503.0,9800614.0,313.0,279.5,211691.0,9696996.0,5.0,0,0,0,0,0,1,0,-0.78
2025-10-12 16:00:00,328.6,15170797.0,9866621.0,289.0,279.3,191103.0,9699426.0,5.0,0,0,0,0,0,1,0,-0.07
2025-10-12 17:00:00,328.3,15226878.0,9907889.0,292.0,279.2,190516.0,9676262.0,3.0,0,0,0,0,0,1,0,-0.04
2025-10-12 18:00:00,328.4,15162458.0,9994610.0,292.0,279.3,331204.0,9689279.0,6.0,0,0,0,0,0,1,0,0.04
2025-10-12 19:00:00,327.9,15188773.0,9956677.0,296.0,280.1,435259.0,9744850.0,12.0,0,0,0,0,0,1,0,0.29
2025-10-12 20:00:00,328.6,15133702.0,9996339.0,291.0,285.1,667231.0,9740961.0,17.0,0,0,0,0,0,1,0,1.79
2025-10-12 21:00:00,323.3,15178684.0,10140040.0,299.0,280.8,614300.0,9739161.0,18.0,0,0,0,0,0,1,0,-1.51
2025-10-12 22:00:00,328.1,15136682.0,10179129.0,297.0,281.2,660794.0,9756197.0,19.0,0,0,0,0,0,1,0,0.14
2025-10-12 23:00:00,328.5,15009891.0,10240705.0,293.0,281.4,773560.0,9747335.0,19.0,0,0,0,0,0,1,0,0.07
2025-10-13 00:00:00,328.5,14988141.0,10022286.0,293.0,281.9,991132.0,9608911.0,22.0,0,0,0,0,0,1,0,0.18
2025-10-13 01:00:00,328.2,14962014.0,10054497.0,298.0,281.9,784200.0,9566761.0,16.0,0,0,0,0,0,1,0,0.0
2025-10-13 02:00:00,328.5,14869740.0,10095628.0,293.0,282.3,985225.0,9566595.0,19.0,0,0,0,0,0,1,0,0.14
2025-10-13 03:00:00,328.0,14922231.0,10046439.0,297.0,282.7,1044991.0,9566381.0,22.0,0,0,0,0,0,1,0,0.14
2025-10-13 04:00:00,328.4,14880887.0,10068589.0,294.0,283.1,1225264.0,9538758.0,24.0,0,0,0,0,0,1,0,0.14
2025-10-13 05:00:00,327.8,15050449.0,10095039.0,304.0,283.1,1205916.0,9585119.0,24.0,0,0,0,0,0,1,0,0.0
2025-10-13 06:00:00,327.6,15219738.0,10086298.0,306.0,283.3,1439686.0,9592160.0,28.0,0,0,0,0,0,1,0,0.07
2025-10-13 07:00:00,327.5,15197919.0,10097288.0,307.0,283.3,1410172.0,9589000.0,28.0,0,0,0,0,0,1,0,0.0
2025-10-13 08:00:00,323.1,15131258.0,10168301.0,307.0,283.4,1512364.0,9598121.0,29.0,0,0,0,0,0,1,0,0.04
2025-10-13 09:00:00,327.0,15079378.0,10232171.0,311.0,283.6,1638176.0,9595823.0,31.0,0,0,0,0,0,1,0,0.07
2025-10-13 10:00:00,326.7,15176674.0,10234461.0,314.0,284.0,1781434.0,9563899.0,35.0,0,0,0,0,0,1,0,0.14
2025-10-13 11:00:00,326.4,15210440.0,10150973.0,317.0,285.9,1725205.0,9614691.0,34.0,0,0,0,0,0,1,0,0.67
2025-10-13 12:00:00,326.5,15182181.0,10132030.0,316.0,288.2,1930568.0,9643149.0,38.0,0,0,0,0,0,1,0,0.8
2025-10-13 13:00:00,326.5,15171465.0,10059352.0,316.0,288.3,1964514.0,9662178.0,40.0,0,0,0,0,0,1,0,0.03
2025-10-13 14:00:00,327.9,14961545.0,10110465.0,302.0,288.5,1985561.0,9660389.0,41.0,0,0,0,0,0,1,0,0.07
2025-10-13 15:00:00,327.3,15034902.0,10072757.0,308.0,288.5,1495854.0,9678369.0,30.0,0,0,0,0,0,1,0,0.0
2025-10-13 16:00:00,323.5,15011097.0,10005568.0,308.0,288.8,1531925.0,9693390.0,32.0,0,0,0,0,1,0,0,0.1
2025-10-13 17:00:00,319.3,15070664.0,10007718.0,318.0,288.7,1569982.0,9698773.0,31.0,0,0,0,0,1,0,0,-0.03
2025-10-13 18:00:00,327.3,14999031.0,10045021.0,308.0,288.6,1526689.0,9768674.0,30.0,0,0,0,0,1,0,0,-0.03
2025-10-13 19:00:00,328.9,14705538.0,10027077.0,288.0,288.5,1372883.0,9738493.0,27.0,0,0,0,0,1,0,0,-0.03
2025-10-13 20:00:00,328.6,14816910.0,10020904.0,291.0,288.8,1445255.0,9707097.0,28.0,0,0,0,0,1,0,0,0.1
2025-10-13 21:00:00,328.0,14810421.0,10026223.0,296.0,289.0,1519649.0,9734312.0,30.0,0,0,0,0,1,0,0,0.07
2025-10-13 22:00:00,328.5,14914874.0,10097114.0,291.0,289.3,1714091.0,9645719.0,32.0,0,0,0,0,1,0,0,0.1
2025-10-13 23:00:00,327.5,15051517.0,10179852.0,299.0,290.6,2142185.0,9597838.0,43.0,0,0,0,0,1,0,0,0.45
2025-10-14 00:00:00,326.8,15228456.0,10200097.0,303.0,290.1,1800580.0,9665810.0,34.0,0,0,0,0,1,0,0,-0.17
2025-10-14 01:00:00,326.8,15149000.0,10200263.0,297.0,290.2,1925638.0,9718216.0,37.0,0,0,0,0,1,0,0,0.03
2025-10-14 02:00:00,327.3,15118481.0,10220397.0,296.0,290.5,2070067.0,9689244.0,39.0,0,0,0,0,1,0,0,0.1
2025-10-14 03:00:00,327.1,14985885.0,10284235.0,296.0,290.6,2080347.0,9687283.0,40.0,0,0,0,0,1,0,0,0.03
2025-10-14 04:00:00,327.1,14992604.0,10301777.0,296.0,290.6,2042549.0,9666567.0,40.0,0,0,0,0,1,0,0,0.0
2025-10-14 05:00:00,326.2,15181897.0,10266877.0,307.0,291.4,2402820.0,9666431.0,45.0,0,0,0,0,1,0,0,0.28
2025-10-14 06:00:00,322.4,15400346.0,10210978.0,312.0,291.5,2522903.0,9652565.0,47.0,0,0,0,0,1,0,0,0.03
2025-10-15 11:00:00,320.1,14997061.0,10101733.0,300.0,292.3,988829.0,9756016.0,21.0,0,0,0,0,1,0,0,0.27
2025-10-15 12:00:00,328.9,14621876.0,10280954.0,288.0,292.4,1111569.0,9813409.0,23.0,0,0,0,0,1,0,0,0.03
2025-10-15 13:00:00,2398.2,734835.0,10596246.0,17.0,399.6,1714508.0,9810743.0,43.0,0,0,0,0,1,0,0,36.66
2025-10-15 14:00:00,1292.6,1318675.0,9849276.0,81.0,403.6,1679273.0,9852848.0,45.0,0,0,0,0,1,0,0,1.0
2025-10-15 15:00:00,1031.7,1845897.0,9820947.0,134.0,420.7,1788917.0,9888801.0,58.0,0,0,0,0,1,0,0,4.24
2025-10-15 16:00:00,699.1,1162723.0,9757153.0,64.0,425.0,1040206.0,9346030.0,29.0,0,0,0,0,1,0,0,1.02
2025-10-15 17:00:00,696.7,1335793.0,9689728.0,77.0,403.6,970619.0,9434832.0,22.0,0,0,0,0,1,0,0,-5.04
2025-10-15 18:00:00,694.7,1482291.0,9684545.0,89.0,292.9,985451.0,9512720.0,22.0,0,0,0,0,1,0,0,-27.43
2025-10-15 19:00:00,651.8,2160329.0,9692260.0,126.0,293.7,1032260.0,9593474.0,24.0,0,0,0,0,1,0,0,0.27
2025-10-15 20:00:00,649.6,5524823.0,9594636.0,153.0,294.0,1132674.0,9614784.0,25.0,0,0,0,0,1,0,0,0.1
2025-10-15 21:00:00,568.6,5868683.0,9577977.0,171.0,294.3,1208210.0,9683285.0,26.0,0,0,0,0,1,0,0,0.1
2025-10-15 22:00:00,349.2,6283526.0,9612743.0,195.0,294.8,1223072.0,9743517.0,26.0,0,0,0,0,1,0,0,0.17
2025-10-15 23:00:00,539.7,6546686.0,9669257.0,177.0,294.8,1058588.0,9769628.0,23.0,0,0,0,0,1,0,0,0.0
2025-10-16 00:00:00,538.9,8188831.0,9704207.0,185.0,295.0,1169814.0,9794328.0,25.0,0,0,0,0,1,0,0,0.07
2025-10-16 01:00:00,537.4,8692875.0,9669557.0,200.0,295.3,1160988.0,9833992.0,26.0,0,0,0,0,1,0,0,0.1
2025-10-16 02:00:00,537.1,8693411.0,9657891.0,204.0,295.2,940894.0,9853766.0,22.0,0,0,0,0,1,0,0,-0.03
2025-10-16 03:00:00,536.2,8783755.0,9652536.0,211.0,294.6,936543.0,9910076.0,20.0,0,0,0,0,1,0,0,-0.2
2025-10-16 04:00:00,536.3,8823579.0,9670436.0,215.0,294.7,929902.0,9940249.0,20.0,0,0,0,0,1,0,0,0.03
2025-10-16 05:00:00,511.2,8961255.0,9588093.0,221.0,294.6,892968.0,9936489.0,19.0,0,0,0,0,1,0,0,-0.03
2025-10-16 06:00:00,536.0,8826579.0,9694834.0,213.0,293.7,733622.0,9964748.0,17.0,0,0,0,0,1,0,0,-0.31
2025-10-16 07:00:00,535.0,9130422.0,9671017.0,223.0,293.5,684019.0,9985265.0,15.0,0,0,0,0,1,0,0,-0.07
2025-10-16 08:00:00,534.0,9250536.0,9637683.0,228.0,293.5,673979.0,9994369.0,15.0,0,0,0,0,1,0,0,0.0
2025-10-16 09:00:00,509.9,9453053.0,9603381.0,237.0,294.1,856094.0,9989263.0,20.0,0,0,0,0,1,0,0,0.2
2025-10-16 10:00:00,510.1,10041722.0,9643487.0,236.0,294.2,826741.0,9996551.0,20.0,0,0,0,0,1,0,0,0.03
2025-10-16 11:00:00,510.1,10061987.0,9663900.0,235.0,294.6,1071840.0,10004823.0,25.0,0,0,0,0,1,0,0,0.14
2025-10-16 12:00:00,509.5,10169620.0,9578880.0,241.0,294.9,1167455.0,9980510.0,28.0,0,0,0,0,1,0,0,0.1
2025-10-16 13:00:00,509.2,10193891.0,9585311.0,244.0,295.1,1152802.0,10018126.0,29.0,0,0,0,0,1,0,0,0.07
2025-10-16 14:00:00,487.1,10443980.0,9598169.0,252.0,295.0,1131399.0,10033050.0,29.0,0,0,0,0,1,0,0,-0.03
2025-10-16 15:00:00,486.1,10694635.0,9586143.0,263.0,295.4,1118674.0,10043110.0,32.0,0,0,0,0,1,0,0,0.14
2025-10-16 16:00:00,465.2,10962481.0,9609832.0,275.0,295.7,1147153.0,10059023.0,32.0,0,0,0,0,1,0,0,0.1
2025-10-16 17:00:00,447.1,12572194.0,9641601.0,288.0,295.6,682302.0,10068031.0,18.0,0,0,0,0,1,0,0,-0.03
2025-10-16 18:00:00,446.6,14182700.0,9676658.0,294.0,295.5,645370.0,10086237.0,17.0,0,0,0,0,1,0,0,-0.03
2025-10-16 19:00:00,445.7,14369963.0,9645856.0,304.0,295.0,729198.0,10122640.0,17.0,0,0,0,0,1,0,0,-0.17
2025-10-16 20:00:00,444.2,16122318.0,9612836.0,320.0,295.1,675464.0,10140004.0,16.0,0,0,0,0,1,0,0,0.03
2025-10-16 21:00:00,442.8,16527389.0,9610035.0,334.0,294.5,602415.0,10158710.0,14.0,0,0,0,0,1,0,0,-0.2
2025-10-16 22:00:00,426.9,16820806.0,9571485.0,346.0,294.5,583549.0,10184063.0,14.0,0,0,0,0,1,0,0,0.0
2025-10-16 23:00:00,426.9,16920884.0,9533219.0,346.0,294.5,514148.0,10202625.0,13.0,0,0,0,0,1,0,0,0.0
2025-10-17 00:00:00,426.5,17035999.0,9526177.0,354.0,294.6,556573.0,10208473.0,14.0,0,0,0,0,1,0,0,0.03
